scenario,run_id,model,config,trial,outcome,stage,detail,observed_1,observed_2
partition,c5407e4021a7,RYW,"W=ONE,R=ONE",0,BREACH,check,"write via n1, read via n3",0,
partition,c5407e4021a7,RYW,"W=ONE,R=ONE",1,BREACH,check,"write via n1, read via n3",0,
partition,c5407e4021a7,RYW,"W=ONE,R=ONE",2,FAILED,read,"ReadTimeout: Error from server: code=1200 [Coordinator node timed out waiting for replica nodes' responses] message=""Operation timed out - received only 0 responses."" info={'consistency': 'ONE', 'required_responses': 1, 'received_responses': 0}",,
partition,c5407e4021a7,RYW,"W=ONE,R=ONE",3,BREACH,check,"write via n1, read via n3",0,
partition,c5407e4021a7,RYW,"W=ONE,R=ONE",4,BREACH,check,"write via n1, read via n3",0,
partition,c5407e4021a7,RYW,"W=ONE,R=ONE",5,BREACH,check,"write via n1, read via n3",0,
partition,c5407e4021a7,RYW,"W=ONE,R=ONE",6,BREACH,check,"write via n1, read via n3",0,
partition,c5407e4021a7,RYW,"W=ONE,R=ONE",7,BREACH,check,"write via n1, read via n3",0,
partition,c5407e4021a7,RYW,"W=ONE,R=ONE",8,BREACH,check,"write via n1, read via n3",0,
partition,c5407e4021a7,RYW,"W=ONE,R=ONE",9,BREACH,check,"write via n1, read via n3",0,
partition,c5407e4021a7,RYW,"W=ONE,R=ONE",10,BREACH,check,"write via n1, read via n3",0,
partition,c5407e4021a7,RYW,"W=ONE,R=ONE",11,BREACH,check,"write via n1, read via n3",0,
partition,c5407e4021a7,RYW,"W=ONE,R=ONE",12,BREACH,check,"write via n1, read via n3",0,
partition,c5407e4021a7,RYW,"W=ONE,R=ONE",13,BREACH,check,"write via n1, read via n3",0,
partition,c5407e4021a7,RYW,"W=ONE,R=ONE",14,BREACH,check,"write via n1, read via n3",0,
partition,c5407e4021a7,RYW,"W=ONE,R=ONE",15,BREACH,check,"write via n1, read via n3",0,
partition,c5407e4021a7,RYW,"W=ONE,R=ONE",16,BREACH,check,"write via n1, read via n3",0,
partition,c5407e4021a7,RYW,"W=ONE,R=ONE",17,BREACH,check,"write via n1, read via n3",0,
partition,c5407e4021a7,RYW,"W=ONE,R=ONE",18,BREACH,check,"write via n1, read via n3",0,
partition,c5407e4021a7,RYW,"W=ONE,R=ONE",19,BREACH,check,"write via n1, read via n3",0,
partition,c5407e4021a7,RYW,"W=ONE,R=ONE",20,BREACH,check,"write via n1, read via n3",0,
partition,c5407e4021a7,RYW,"W=ONE,R=ONE",21,BREACH,check,"write via n1, read via n3",0,
partition,c5407e4021a7,RYW,"W=ONE,R=ONE",22,BREACH,check,"write via n1, read via n3",0,
partition,c5407e4021a7,RYW,"W=ONE,R=ONE",23,BREACH,check,"write via n1, read via n3",0,
partition,c5407e4021a7,RYW,"W=ONE,R=ONE",24,BREACH,check,"write via n1, read via n3",0,
partition,c5407e4021a7,RYW,"W=ONE,R=ONE",25,BREACH,check,"write via n1, read via n3",0,
partition,c5407e4021a7,RYW,"W=ONE,R=ONE",26,BREACH,check,"write via n1, read via n3",0,
partition,c5407e4021a7,RYW,"W=ONE,R=ONE",27,BREACH,check,"write via n1, read via n3",0,
partition,c5407e4021a7,RYW,"W=ONE,R=ONE",28,BREACH,check,"write via n1, read via n3",0,
partition,c5407e4021a7,RYW,"W=ONE,R=ONE",29,BREACH,check,"write via n1, read via n3",0,
partition,c5407e4021a7,MR,"W=ONE,R=ONE",0,BREACH,check,"R1 via n1, R2 via n3",1,0
partition,c5407e4021a7,MR,"W=ONE,R=ONE",1,BREACH,check,"R1 via n1, R2 via n3",1,0
partition,c5407e4021a7,MR,"W=ONE,R=ONE",2,BREACH,check,"R1 via n1, R2 via n3",1,0
partition,c5407e4021a7,MR,"W=ONE,R=ONE",3,BREACH,check,"R1 via n1, R2 via n3",1,0
partition,c5407e4021a7,MR,"W=ONE,R=ONE",4,BREACH,check,"R1 via n1, R2 via n3",1,0
partition,c5407e4021a7,MR,"W=ONE,R=ONE",5,BREACH,check,"R1 via n1, R2 via n3",1,0
partition,c5407e4021a7,MR,"W=ONE,R=ONE",6,BREACH,check,"R1 via n1, R2 via n3",1,0
partition,c5407e4021a7,MR,"W=ONE,R=ONE",7,BREACH,check,"R1 via n1, R2 via n3",1,0
partition,c5407e4021a7,MR,"W=ONE,R=ONE",8,BREACH,check,"R1 via n1, R2 via n3",1,0
partition,c5407e4021a7,MR,"W=ONE,R=ONE",9,BREACH,check,"R1 via n1, R2 via n3",1,0
partition,c5407e4021a7,MR,"W=ONE,R=ONE",10,BREACH,check,"R1 via n1, R2 via n3",1,0
partition,c5407e4021a7,MR,"W=ONE,R=ONE",11,BREACH,check,"R1 via n1, R2 via n3",1,0
partition,c5407e4021a7,MR,"W=ONE,R=ONE",12,BREACH,check,"R1 via n1, R2 via n3",1,0
partition,c5407e4021a7,MR,"W=ONE,R=ONE",13,BREACH,check,"R1 via n1, R2 via n3",1,0
partition,c5407e4021a7,MR,"W=ONE,R=ONE",14,BREACH,check,"R1 via n1, R2 via n3",1,0
partition,c5407e4021a7,MR,"W=ONE,R=ONE",15,BREACH,check,"R1 via n1, R2 via n3",1,0
partition,c5407e4021a7,MR,"W=ONE,R=ONE",16,BREACH,check,"R1 via n1, R2 via n3",1,0
partition,c5407e4021a7,MR,"W=ONE,R=ONE",17,BREACH,check,"R1 via n1, R2 via n3",1,0
partition,c5407e4021a7,MR,"W=ONE,R=ONE",18,BREACH,check,"R1 via n1, R2 via n3",1,0
partition,c5407e4021a7,MR,"W=ONE,R=ONE",19,BREACH,check,"R1 via n1, R2 via n3",1,0
partition,c5407e4021a7,MR,"W=ONE,R=ONE",20,BREACH,check,"R1 via n1, R2 via n3",1,0
partition,c5407e4021a7,MR,"W=ONE,R=ONE",21,BREACH,check,"R1 via n1, R2 via n3",1,0
partition,c5407e4021a7,MR,"W=ONE,R=ONE",22,BREACH,check,"R1 via n1, R2 via n3",1,0
partition,c5407e4021a7,MR,"W=ONE,R=ONE",23,BREACH,check,"R1 via n1, R2 via n3",1,0
partition,c5407e4021a7,MR,"W=ONE,R=ONE",24,BREACH,check,"R1 via n1, R2 via n3",1,0
partition,c5407e4021a7,MR,"W=ONE,R=ONE",25,BREACH,check,"R1 via n1, R2 via n3",1,0
partition,c5407e4021a7,MR,"W=ONE,R=ONE",26,BREACH,check,"R1 via n1, R2 via n3",1,0
partition,c5407e4021a7,MR,"W=ONE,R=ONE",27,BREACH,check,"R1 via n1, R2 via n3",1,0
partition,c5407e4021a7,MR,"W=ONE,R=ONE",28,BREACH,check,"R1 via n1, R2 via n3",1,0
partition,c5407e4021a7,MR,"W=ONE,R=ONE",29,BREACH,check,"R1 via n1, R2 via n3",1,0
partition,c5407e4021a7,MW,"W=ONE,R=ONE",0,BREACH,check,"W1 via n1, W2+observer via n3",1,0
partition,c5407e4021a7,MW,"W=ONE,R=ONE",1,BREACH,check,"W1 via n1, W2+observer via n3",1,0
partition,c5407e4021a7,MW,"W=ONE,R=ONE",2,BREACH,check,"W1 via n1, W2+observer via n3",1,0
partition,c5407e4021a7,MW,"W=ONE,R=ONE",3,BREACH,check,"W1 via n1, W2+observer via n3",1,0
partition,c5407e4021a7,MW,"W=ONE,R=ONE",4,BREACH,check,"W1 via n1, W2+observer via n3",1,0
partition,c5407e4021a7,MW,"W=ONE,R=ONE",5,BREACH,check,"W1 via n1, W2+observer via n3",1,0
partition,c5407e4021a7,MW,"W=ONE,R=ONE",6,BREACH,check,"W1 via n1, W2+observer via n3",1,0
partition,c5407e4021a7,MW,"W=ONE,R=ONE",7,BREACH,check,"W1 via n1, W2+observer via n3",1,0
partition,c5407e4021a7,MW,"W=ONE,R=ONE",8,BREACH,check,"W1 via n1, W2+observer via n3",1,0
partition,c5407e4021a7,MW,"W=ONE,R=ONE",9,BREACH,check,"W1 via n1, W2+observer via n3",1,0
partition,c5407e4021a7,MW,"W=ONE,R=ONE",10,BREACH,check,"W1 via n1, W2+observer via n3",1,0
partition,c5407e4021a7,MW,"W=ONE,R=ONE",11,BREACH,check,"W1 via n1, W2+observer via n3",1,0
partition,c5407e4021a7,MW,"W=ONE,R=ONE",12,BREACH,check,"W1 via n1, W2+observer via n3",1,0
partition,c5407e4021a7,MW,"W=ONE,R=ONE",13,BREACH,check,"W1 via n1, W2+observer via n3",1,0
partition,c5407e4021a7,MW,"W=ONE,R=ONE",14,BREACH,check,"W1 via n1, W2+observer via n3",1,0
partition,c5407e4021a7,MW,"W=ONE,R=ONE",15,BREACH,check,"W1 via n1, W2+observer via n3",1,0
partition,c5407e4021a7,MW,"W=ONE,R=ONE",16,BREACH,check,"W1 via n1, W2+observer via n3",1,0
partition,c5407e4021a7,MW,"W=ONE,R=ONE",17,BREACH,check,"W1 via n1, W2+observer via n3",1,0
partition,c5407e4021a7,MW,"W=ONE,R=ONE",18,BREACH,check,"W1 via n1, W2+observer via n3",1,0
partition,c5407e4021a7,MW,"W=ONE,R=ONE",19,BREACH,check,"W1 via n1, W2+observer via n3",1,0
partition,c5407e4021a7,MW,"W=ONE,R=ONE",20,BREACH,check,"W1 via n1, W2+observer via n3",1,0
partition,c5407e4021a7,MW,"W=ONE,R=ONE",21,BREACH,check,"W1 via n1, W2+observer via n3",1,0
partition,c5407e4021a7,MW,"W=ONE,R=ONE",22,BREACH,check,"W1 via n1, W2+observer via n3",1,0
partition,c5407e4021a7,MW,"W=ONE,R=ONE",23,BREACH,check,"W1 via n1, W2+observer via n3",1,0
partition,c5407e4021a7,MW,"W=ONE,R=ONE",24,BREACH,check,"W1 via n1, W2+observer via n3",1,0
partition,c5407e4021a7,MW,"W=ONE,R=ONE",25,BREACH,check,"W1 via n1, W2+observer via n3",1,0
partition,c5407e4021a7,MW,"W=ONE,R=ONE",26,BREACH,check,"W1 via n1, W2+observer via n3",1,0
partition,c5407e4021a7,MW,"W=ONE,R=ONE",27,BREACH,check,"W1 via n1, W2+observer via n3",1,0
partition,c5407e4021a7,MW,"W=ONE,R=ONE",28,BREACH,check,"W1 via n1, W2+observer via n3",1,0
partition,c5407e4021a7,MW,"W=ONE,R=ONE",29,BREACH,check,"W1 via n1, W2+observer via n3",1,0
partition,c5407e4021a7,WFR,"W=ONE,R=ONE",0,BREACH,check,cause via n1; effect+observer via n3,1,0
partition,c5407e4021a7,WFR,"W=ONE,R=ONE",1,BREACH,check,cause via n1; effect+observer via n3,1,0
partition,c5407e4021a7,WFR,"W=ONE,R=ONE",2,BREACH,check,cause via n1; effect+observer via n3,1,0
partition,c5407e4021a7,WFR,"W=ONE,R=ONE",3,BREACH,check,cause via n1; effect+observer via n3,1,0
partition,c5407e4021a7,WFR,"W=ONE,R=ONE",4,BREACH,check,cause via n1; effect+observer via n3,1,0
partition,c5407e4021a7,WFR,"W=ONE,R=ONE",5,BREACH,check,cause via n1; effect+observer via n3,1,0
partition,c5407e4021a7,WFR,"W=ONE,R=ONE",6,BREACH,check,cause via n1; effect+observer via n3,1,0
partition,c5407e4021a7,WFR,"W=ONE,R=ONE",7,BREACH,check,cause via n1; effect+observer via n3,1,0
partition,c5407e4021a7,WFR,"W=ONE,R=ONE",8,BREACH,check,cause via n1; effect+observer via n3,1,0
partition,c5407e4021a7,WFR,"W=ONE,R=ONE",9,BREACH,check,cause via n1; effect+observer via n3,1,0
partition,c5407e4021a7,WFR,"W=ONE,R=ONE",10,BREACH,check,cause via n1; effect+observer via n3,1,0
partition,c5407e4021a7,WFR,"W=ONE,R=ONE",11,BREACH,check,cause via n1; effect+observer via n3,1,0
partition,c5407e4021a7,WFR,"W=ONE,R=ONE",12,BREACH,check,cause via n1; effect+observer via n3,1,0
partition,c5407e4021a7,WFR,"W=ONE,R=ONE",13,BREACH,check,cause via n1; effect+observer via n3,1,0
partition,c5407e4021a7,WFR,"W=ONE,R=ONE",14,BREACH,check,cause via n1; effect+observer via n3,1,0
partition,c5407e4021a7,WFR,"W=ONE,R=ONE",15,BREACH,check,cause via n1; effect+observer via n3,1,0
partition,c5407e4021a7,WFR,"W=ONE,R=ONE",16,BREACH,check,cause via n1; effect+observer via n3,1,0
partition,c5407e4021a7,WFR,"W=ONE,R=ONE",17,BREACH,check,cause via n1; effect+observer via n3,1,0
partition,c5407e4021a7,WFR,"W=ONE,R=ONE",18,BREACH,check,cause via n1; effect+observer via n3,1,0
partition,c5407e4021a7,WFR,"W=ONE,R=ONE",19,BREACH,check,cause via n1; effect+observer via n3,1,0
partition,c5407e4021a7,WFR,"W=ONE,R=ONE",20,BREACH,check,cause via n1; effect+observer via n3,1,0
partition,c5407e4021a7,WFR,"W=ONE,R=ONE",21,BREACH,check,cause via n1; effect+observer via n3,1,0
partition,c5407e4021a7,WFR,"W=ONE,R=ONE",22,BREACH,check,cause via n1; effect+observer via n3,1,0
partition,c5407e4021a7,WFR,"W=ONE,R=ONE",23,BREACH,check,cause via n1; effect+observer via n3,1,0
partition,c5407e4021a7,WFR,"W=ONE,R=ONE",24,BREACH,check,cause via n1; effect+observer via n3,1,0
partition,c5407e4021a7,WFR,"W=ONE,R=ONE",25,BREACH,check,cause via n1; effect+observer via n3,1,0
partition,c5407e4021a7,WFR,"W=ONE,R=ONE",26,BREACH,check,cause via n1; effect+observer via n3,1,0
partition,c5407e4021a7,WFR,"W=ONE,R=ONE",27,BREACH,check,cause via n1; effect+observer via n3,1,0
partition,c5407e4021a7,WFR,"W=ONE,R=ONE",28,BREACH,check,cause via n1; effect+observer via n3,1,0
partition,c5407e4021a7,WFR,"W=ONE,R=ONE",29,BREACH,check,cause via n1; effect+observer via n3,1,0
partition,c5407e4021a7,RYW,"W=ONE,R=QUORUM",0,FAILED,read,"Unavailable: Error from server: code=1000 [Unavailable exception] message=""Cannot achieve consistency level QUORUM"" info={'consistency': 'QUORUM', 'required_replicas': 2, 'alive_replicas': 1}",,
partition,c5407e4021a7,RYW,"W=ONE,R=QUORUM",1,FAILED,read,"Unavailable: Error from server: code=1000 [Unavailable exception] message=""Cannot achieve consistency level QUORUM"" info={'consistency': 'QUORUM', 'required_replicas': 2, 'alive_replicas': 1}",,
partition,c5407e4021a7,RYW,"W=ONE,R=QUORUM",2,FAILED,read,"Unavailable: Error from server: code=1000 [Unavailable exception] message=""Cannot achieve consistency level QUORUM"" info={'consistency': 'QUORUM', 'required_replicas': 2, 'alive_replicas': 1}",,
partition,c5407e4021a7,RYW,"W=ONE,R=QUORUM",3,FAILED,read,"Unavailable: Error from server: code=1000 [Unavailable exception] message=""Cannot achieve consistency level QUORUM"" info={'consistency': 'QUORUM', 'required_replicas': 2, 'alive_replicas': 1}",,
partition,c5407e4021a7,RYW,"W=ONE,R=QUORUM",4,FAILED,read,"Unavailable: Error from server: code=1000 [Unavailable exception] message=""Cannot achieve consistency level QUORUM"" info={'consistency': 'QUORUM', 'required_replicas': 2, 'alive_replicas': 1}",,
partition,c5407e4021a7,RYW,"W=ONE,R=QUORUM",5,FAILED,read,"Unavailable: Error from server: code=1000 [Unavailable exception] message=""Cannot achieve consistency level QUORUM"" info={'consistency': 'QUORUM', 'required_replicas': 2, 'alive_replicas': 1}",,
partition,c5407e4021a7,RYW,"W=ONE,R=QUORUM",6,FAILED,read,"Unavailable: Error from server: code=1000 [Unavailable exception] message=""Cannot achieve consistency level QUORUM"" info={'consistency': 'QUORUM', 'required_replicas': 2, 'alive_replicas': 1}",,
partition,c5407e4021a7,RYW,"W=ONE,R=QUORUM",7,FAILED,read,"Unavailable: Error from server: code=1000 [Unavailable exception] message=""Cannot achieve consistency level QUORUM"" info={'consistency': 'QUORUM', 'required_replicas': 2, 'alive_replicas': 1}",,
partition,c5407e4021a7,RYW,"W=ONE,R=QUORUM",8,FAILED,read,"Unavailable: Error from server: code=1000 [Unavailable exception] message=""Cannot achieve consistency level QUORUM"" info={'consistency': 'QUORUM', 'required_replicas': 2, 'alive_replicas': 1}",,
partition,c5407e4021a7,RYW,"W=ONE,R=QUORUM",9,FAILED,read,"Unavailable: Error from server: code=1000 [Unavailable exception] message=""Cannot achieve consistency level QUORUM"" info={'consistency': 'QUORUM', 'required_replicas': 2, 'alive_replicas': 1}",,
partition,c5407e4021a7,RYW,"W=ONE,R=QUORUM",10,FAILED,read,"Unavailable: Error from server: code=1000 [Unavailable exception] message=""Cannot achieve consistency level QUORUM"" info={'consistency': 'QUORUM', 'required_replicas': 2, 'alive_replicas': 1}",,
partition,c5407e4021a7,RYW,"W=ONE,R=QUORUM",11,FAILED,read,"Unavailable: Error from server: code=1000 [Unavailable exception] message=""Cannot achieve consistency level QUORUM"" info={'consistency': 'QUORUM', 'required_replicas': 2, 'alive_replicas': 1}",,
partition,c5407e4021a7,RYW,"W=ONE,R=QUORUM",12,FAILED,read,"Unavailable: Error from server: code=1000 [Unavailable exception] message=""Cannot achieve consistency level QUORUM"" info={'consistency': 'QUORUM', 'required_replicas': 2, 'alive_replicas': 1}",,
partition,c5407e4021a7,RYW,"W=ONE,R=QUORUM",13,FAILED,read,"Unavailable: Error from server: code=1000 [Unavailable exception] message=""Cannot achieve consistency level QUORUM"" info={'consistency': 'QUORUM', 'required_replicas': 2, 'alive_replicas': 1}",,
partition,c5407e4021a7,RYW,"W=ONE,R=QUORUM",14,FAILED,read,"Unavailable: Error from server: code=1000 [Unavailable exception] message=""Cannot achieve consistency level QUORUM"" info={'consistency': 'QUORUM', 'required_replicas': 2, 'alive_replicas': 1}",,
partition,c5407e4021a7,RYW,"W=ONE,R=QUORUM",15,FAILED,read,"Unavailable: Error from server: code=1000 [Unavailable exception] message=""Cannot achieve consistency level QUORUM"" info={'consistency': 'QUORUM', 'required_replicas': 2, 'alive_replicas': 1}",,
partition,c5407e4021a7,RYW,"W=ONE,R=QUORUM",16,FAILED,read,"Unavailable: Error from server: code=1000 [Unavailable exception] message=""Cannot achieve consistency level QUORUM"" info={'consistency': 'QUORUM', 'required_replicas': 2, 'alive_replicas': 1}",,
partition,c5407e4021a7,RYW,"W=ONE,R=QUORUM",17,FAILED,read,"Unavailable: Error from server: code=1000 [Unavailable exception] message=""Cannot achieve consistency level QUORUM"" info={'consistency': 'QUORUM', 'required_replicas': 2, 'alive_replicas': 1}",,
partition,c5407e4021a7,RYW,"W=ONE,R=QUORUM",18,FAILED,read,"Unavailable: Error from server: code=1000 [Unavailable exception] message=""Cannot achieve consistency level QUORUM"" info={'consistency': 'QUORUM', 'required_replicas': 2, 'alive_replicas': 1}",,
partition,c5407e4021a7,RYW,"W=ONE,R=QUORUM",19,FAILED,read,"Unavailable: Error from server: code=1000 [Unavailable exception] message=""Cannot achieve consistency level QUORUM"" info={'consistency': 'QUORUM', 'required_replicas': 2, 'alive_replicas': 1}",,
partition,c5407e4021a7,RYW,"W=ONE,R=QUORUM",20,FAILED,read,"Unavailable: Error from server: code=1000 [Unavailable exception] message=""Cannot achieve consistency level QUORUM"" info={'consistency': 'QUORUM', 'required_replicas': 2, 'alive_replicas': 1}",,
partition,c5407e4021a7,RYW,"W=ONE,R=QUORUM",21,FAILED,read,"Unavailable: Error from server: code=1000 [Unavailable exception] message=""Cannot achieve consistency level QUORUM"" info={'consistency': 'QUORUM', 'required_replicas': 2, 'alive_replicas': 1}",,
partition,c5407e4021a7,RYW,"W=ONE,R=QUORUM",22,FAILED,read,"Unavailable: Error from server: code=1000 [Unavailable exception] message=""Cannot achieve consistency level QUORUM"" info={'consistency': 'QUORUM', 'required_replicas': 2, 'alive_replicas': 1}",,
partition,c5407e4021a7,RYW,"W=ONE,R=QUORUM",23,FAILED,read,"Unavailable: Error from server: code=1000 [Unavailable exception] message=""Cannot achieve consistency level QUORUM"" info={'consistency': 'QUORUM', 'required_replicas': 2, 'alive_replicas': 1}",,
partition,c5407e4021a7,RYW,"W=ONE,R=QUORUM",24,FAILED,read,"Unavailable: Error from server: code=1000 [Unavailable exception] message=""Cannot achieve consistency level QUORUM"" info={'consistency': 'QUORUM', 'required_replicas': 2, 'alive_replicas': 1}",,
partition,c5407e4021a7,RYW,"W=ONE,R=QUORUM",25,FAILED,read,"Unavailable: Error from server: code=1000 [Unavailable exception] message=""Cannot achieve consistency level QUORUM"" info={'consistency': 'QUORUM', 'required_replicas': 2, 'alive_replicas': 1}",,
partition,c5407e4021a7,RYW,"W=ONE,R=QUORUM",26,FAILED,read,"Unavailable: Error from server: code=1000 [Unavailable exception] message=""Cannot achieve consistency level QUORUM"" info={'consistency': 'QUORUM', 'required_replicas': 2, 'alive_replicas': 1}",,
partition,c5407e4021a7,RYW,"W=ONE,R=QUORUM",27,FAILED,read,"Unavailable: Error from server: code=1000 [Unavailable exception] message=""Cannot achieve consistency level QUORUM"" info={'consistency': 'QUORUM', 'required_replicas': 2, 'alive_replicas': 1}",,
partition,c5407e4021a7,RYW,"W=ONE,R=QUORUM",28,FAILED,read,"Unavailable: Error from server: code=1000 [Unavailable exception] message=""Cannot achieve consistency level QUORUM"" info={'consistency': 'QUORUM', 'required_replicas': 2, 'alive_replicas': 1}",,
partition,c5407e4021a7,RYW,"W=ONE,R=QUORUM",29,FAILED,read,"Unavailable: Error from server: code=1000 [Unavailable exception] message=""Cannot achieve consistency level QUORUM"" info={'consistency': 'QUORUM', 'required_replicas': 2, 'alive_replicas': 1}",,
partition,c5407e4021a7,MR,"W=ONE,R=QUORUM",0,FAILED,read2,"Unavailable: Error from server: code=1000 [Unavailable exception] message=""Cannot achieve consistency level QUORUM"" info={'consistency': 'QUORUM', 'required_replicas': 2, 'alive_replicas': 1}",1,
partition,c5407e4021a7,MR,"W=ONE,R=QUORUM",1,FAILED,read2,"Unavailable: Error from server: code=1000 [Unavailable exception] message=""Cannot achieve consistency level QUORUM"" info={'consistency': 'QUORUM', 'required_replicas': 2, 'alive_replicas': 1}",1,
partition,c5407e4021a7,MR,"W=ONE,R=QUORUM",2,FAILED,read2,"Unavailable: Error from server: code=1000 [Unavailable exception] message=""Cannot achieve consistency level QUORUM"" info={'consistency': 'QUORUM', 'required_replicas': 2, 'alive_replicas': 1}",1,
partition,c5407e4021a7,MR,"W=ONE,R=QUORUM",3,FAILED,read2,"Unavailable: Error from server: code=1000 [Unavailable exception] message=""Cannot achieve consistency level QUORUM"" info={'consistency': 'QUORUM', 'required_replicas': 2, 'alive_replicas': 1}",1,
partition,c5407e4021a7,MR,"W=ONE,R=QUORUM",4,FAILED,read2,"Unavailable: Error from server: code=1000 [Unavailable exception] message=""Cannot achieve consistency level QUORUM"" info={'consistency': 'QUORUM', 'required_replicas': 2, 'alive_replicas': 1}",1,
partition,c5407e4021a7,MR,"W=ONE,R=QUORUM",5,FAILED,read2,"Unavailable: Error from server: code=1000 [Unavailable exception] message=""Cannot achieve consistency level QUORUM"" info={'consistency': 'QUORUM', 'required_replicas': 2, 'alive_replicas': 1}",1,
partition,c5407e4021a7,MR,"W=ONE,R=QUORUM",6,FAILED,read2,"Unavailable: Error from server: code=1000 [Unavailable exception] message=""Cannot achieve consistency level QUORUM"" info={'consistency': 'QUORUM', 'required_replicas': 2, 'alive_replicas': 1}",1,
partition,c5407e4021a7,MR,"W=ONE,R=QUORUM",7,FAILED,read2,"Unavailable: Error from server: code=1000 [Unavailable exception] message=""Cannot achieve consistency level QUORUM"" info={'consistency': 'QUORUM', 'required_replicas': 2, 'alive_replicas': 1}",1,
partition,c5407e4021a7,MR,"W=ONE,R=QUORUM",8,FAILED,read2,"Unavailable: Error from server: code=1000 [Unavailable exception] message=""Cannot achieve consistency level QUORUM"" info={'consistency': 'QUORUM', 'required_replicas': 2, 'alive_replicas': 1}",1,
partition,c5407e4021a7,MR,"W=ONE,R=QUORUM",9,FAILED,read2,"Unavailable: Error from server: code=1000 [Unavailable exception] message=""Cannot achieve consistency level QUORUM"" info={'consistency': 'QUORUM', 'required_replicas': 2, 'alive_replicas': 1}",1,
partition,c5407e4021a7,MR,"W=ONE,R=QUORUM",10,FAILED,read2,"Unavailable: Error from server: code=1000 [Unavailable exception] message=""Cannot achieve consistency level QUORUM"" info={'consistency': 'QUORUM', 'required_replicas': 2, 'alive_replicas': 1}",1,
partition,c5407e4021a7,MR,"W=ONE,R=QUORUM",11,FAILED,read2,"Unavailable: Error from server: code=1000 [Unavailable exception] message=""Cannot achieve consistency level QUORUM"" info={'consistency': 'QUORUM', 'required_replicas': 2, 'alive_replicas': 1}",1,
partition,c5407e4021a7,MR,"W=ONE,R=QUORUM",12,FAILED,read2,"Unavailable: Error from server: code=1000 [Unavailable exception] message=""Cannot achieve consistency level QUORUM"" info={'consistency': 'QUORUM', 'required_replicas': 2, 'alive_replicas': 1}",1,
partition,c5407e4021a7,MR,"W=ONE,R=QUORUM",13,FAILED,read2,"Unavailable: Error from server: code=1000 [Unavailable exception] message=""Cannot achieve consistency level QUORUM"" info={'consistency': 'QUORUM', 'required_replicas': 2, 'alive_replicas': 1}",1,
partition,c5407e4021a7,MR,"W=ONE,R=QUORUM",14,FAILED,read2,"Unavailable: Error from server: code=1000 [Unavailable exception] message=""Cannot achieve consistency level QUORUM"" info={'consistency': 'QUORUM', 'required_replicas': 2, 'alive_replicas': 1}",1,
partition,c5407e4021a7,MR,"W=ONE,R=QUORUM",15,FAILED,read2,"Unavailable: Error from server: code=1000 [Unavailable exception] message=""Cannot achieve consistency level QUORUM"" info={'consistency': 'QUORUM', 'required_replicas': 2, 'alive_replicas': 1}",1,
partition,c5407e4021a7,MR,"W=ONE,R=QUORUM",16,FAILED,read2,"Unavailable: Error from server: code=1000 [Unavailable exception] message=""Cannot achieve consistency level QUORUM"" info={'consistency': 'QUORUM', 'required_replicas': 2, 'alive_replicas': 1}",1,
partition,c5407e4021a7,MR,"W=ONE,R=QUORUM",17,FAILED,read2,"Unavailable: Error from server: code=1000 [Unavailable exception] message=""Cannot achieve consistency level QUORUM"" info={'consistency': 'QUORUM', 'required_replicas': 2, 'alive_replicas': 1}",1,
partition,c5407e4021a7,MR,"W=ONE,R=QUORUM",18,FAILED,read2,"Unavailable: Error from server: code=1000 [Unavailable exception] message=""Cannot achieve consistency level QUORUM"" info={'consistency': 'QUORUM', 'required_replicas': 2, 'alive_replicas': 1}",1,
partition,c5407e4021a7,MR,"W=ONE,R=QUORUM",19,FAILED,read2,"Unavailable: Error from server: code=1000 [Unavailable exception] message=""Cannot achieve consistency level QUORUM"" info={'consistency': 'QUORUM', 'required_replicas': 2, 'alive_replicas': 1}",1,
partition,c5407e4021a7,MR,"W=ONE,R=QUORUM",20,FAILED,read2,"Unavailable: Error from server: code=1000 [Unavailable exception] message=""Cannot achieve consistency level QUORUM"" info={'consistency': 'QUORUM', 'required_replicas': 2, 'alive_replicas': 1}",1,
partition,c5407e4021a7,MR,"W=ONE,R=QUORUM",21,FAILED,read2,"Unavailable: Error from server: code=1000 [Unavailable exception] message=""Cannot achieve consistency level QUORUM"" info={'consistency': 'QUORUM', 'required_replicas': 2, 'alive_replicas': 1}",1,
partition,c5407e4021a7,MR,"W=ONE,R=QUORUM",22,FAILED,read2,"Unavailable: Error from server: code=1000 [Unavailable exception] message=""Cannot achieve consistency level QUORUM"" info={'consistency': 'QUORUM', 'required_replicas': 2, 'alive_replicas': 1}",1,
partition,c5407e4021a7,MR,"W=ONE,R=QUORUM",23,FAILED,read2,"Unavailable: Error from server: code=1000 [Unavailable exception] message=""Cannot achieve consistency level QUORUM"" info={'consistency': 'QUORUM', 'required_replicas': 2, 'alive_replicas': 1}",1,
partition,c5407e4021a7,MR,"W=ONE,R=QUORUM",24,FAILED,read2,"Unavailable: Error from server: code=1000 [Unavailable exception] message=""Cannot achieve consistency level QUORUM"" info={'consistency': 'QUORUM', 'required_replicas': 2, 'alive_replicas': 1}",1,
partition,c5407e4021a7,MR,"W=ONE,R=QUORUM",25,FAILED,read2,"Unavailable: Error from server: code=1000 [Unavailable exception] message=""Cannot achieve consistency level QUORUM"" info={'consistency': 'QUORUM', 'required_replicas': 2, 'alive_replicas': 1}",1,
partition,c5407e4021a7,MR,"W=ONE,R=QUORUM",26,FAILED,read2,"Unavailable: Error from server: code=1000 [Unavailable exception] message=""Cannot achieve consistency level QUORUM"" info={'consistency': 'QUORUM', 'required_replicas': 2, 'alive_replicas': 1}",1,
partition,c5407e4021a7,MR,"W=ONE,R=QUORUM",27,FAILED,read2,"Unavailable: Error from server: code=1000 [Unavailable exception] message=""Cannot achieve consistency level QUORUM"" info={'consistency': 'QUORUM', 'required_replicas': 2, 'alive_replicas': 1}",1,
partition,c5407e4021a7,MR,"W=ONE,R=QUORUM",28,FAILED,read2,"Unavailable: Error from server: code=1000 [Unavailable exception] message=""Cannot achieve consistency level QUORUM"" info={'consistency': 'QUORUM', 'required_replicas': 2, 'alive_replicas': 1}",1,
partition,c5407e4021a7,MR,"W=ONE,R=QUORUM",29,FAILED,read2,"Unavailable: Error from server: code=1000 [Unavailable exception] message=""Cannot achieve consistency level QUORUM"" info={'consistency': 'QUORUM', 'required_replicas': 2, 'alive_replicas': 1}",1,
partition,c5407e4021a7,MW,"W=ONE,R=QUORUM",0,FAILED,observe-w2,"Unavailable: Error from server: code=1000 [Unavailable exception] message=""Cannot achieve consistency level QUORUM"" info={'consistency': 'QUORUM', 'required_replicas': 2, 'alive_replicas': 1}",,
partition,c5407e4021a7,MW,"W=ONE,R=QUORUM",1,FAILED,observe-w2,"Unavailable: Error from server: code=1000 [Unavailable exception] message=""Cannot achieve consistency level QUORUM"" info={'consistency': 'QUORUM', 'required_replicas': 2, 'alive_replicas': 1}",,
partition,c5407e4021a7,MW,"W=ONE,R=QUORUM",2,FAILED,observe-w2,"Unavailable: Error from server: code=1000 [Unavailable exception] message=""Cannot achieve consistency level QUORUM"" info={'consistency': 'QUORUM', 'required_replicas': 2, 'alive_replicas': 1}",,
partition,c5407e4021a7,MW,"W=ONE,R=QUORUM",3,FAILED,observe-w2,"Unavailable: Error from server: code=1000 [Unavailable exception] message=""Cannot achieve consistency level QUORUM"" info={'consistency': 'QUORUM', 'required_replicas': 2, 'alive_replicas': 1}",,
partition,c5407e4021a7,MW,"W=ONE,R=QUORUM",4,FAILED,observe-w2,"Unavailable: Error from server: code=1000 [Unavailable exception] message=""Cannot achieve consistency level QUORUM"" info={'consistency': 'QUORUM', 'required_replicas': 2, 'alive_replicas': 1}",,
partition,c5407e4021a7,MW,"W=ONE,R=QUORUM",5,FAILED,observe-w2,"Unavailable: Error from server: code=1000 [Unavailable exception] message=""Cannot achieve consistency level QUORUM"" info={'consistency': 'QUORUM', 'required_replicas': 2, 'alive_replicas': 1}",,
partition,c5407e4021a7,MW,"W=ONE,R=QUORUM",6,FAILED,observe-w2,"Unavailable: Error from server: code=1000 [Unavailable exception] message=""Cannot achieve consistency level QUORUM"" info={'consistency': 'QUORUM', 'required_replicas': 2, 'alive_replicas': 1}",,
partition,c5407e4021a7,MW,"W=ONE,R=QUORUM",7,FAILED,observe-w2,"Unavailable: Error from server: code=1000 [Unavailable exception] message=""Cannot achieve consistency level QUORUM"" info={'consistency': 'QUORUM', 'required_replicas': 2, 'alive_replicas': 1}",,
partition,c5407e4021a7,MW,"W=ONE,R=QUORUM",8,FAILED,observe-w2,"Unavailable: Error from server: code=1000 [Unavailable exception] message=""Cannot achieve consistency level QUORUM"" info={'consistency': 'QUORUM', 'required_replicas': 2, 'alive_replicas': 1}",,
partition,c5407e4021a7,MW,"W=ONE,R=QUORUM",9,FAILED,observe-w2,"Unavailable: Error from server: code=1000 [Unavailable exception] message=""Cannot achieve consistency level QUORUM"" info={'consistency': 'QUORUM', 'required_replicas': 2, 'alive_replicas': 1}",,
partition,c5407e4021a7,MW,"W=ONE,R=QUORUM",10,FAILED,observe-w2,"Unavailable: Error from server: code=1000 [Unavailable exception] message=""Cannot achieve consistency level QUORUM"" info={'consistency': 'QUORUM', 'required_replicas': 2, 'alive_replicas': 1}",,
partition,c5407e4021a7,MW,"W=ONE,R=QUORUM",11,FAILED,observe-w2,"Unavailable: Error from server: code=1000 [Unavailable exception] message=""Cannot achieve consistency level QUORUM"" info={'consistency': 'QUORUM', 'required_replicas': 2, 'alive_replicas': 1}",,
partition,c5407e4021a7,MW,"W=ONE,R=QUORUM",12,FAILED,observe-w2,"Unavailable: Error from server: code=1000 [Unavailable exception] message=""Cannot achieve consistency level QUORUM"" info={'consistency': 'QUORUM', 'required_replicas': 2, 'alive_replicas': 1}",,
partition,c5407e4021a7,MW,"W=ONE,R=QUORUM",13,FAILED,observe-w2,"Unavailable: Error from server: code=1000 [Unavailable exception] message=""Cannot achieve consistency level QUORUM"" info={'consistency': 'QUORUM', 'required_replicas': 2, 'alive_replicas': 1}",,
partition,c5407e4021a7,MW,"W=ONE,R=QUORUM",14,FAILED,observe-w2,"Unavailable: Error from server: code=1000 [Unavailable exception] message=""Cannot achieve consistency level QUORUM"" info={'consistency': 'QUORUM', 'required_replicas': 2, 'alive_replicas': 1}",,
partition,c5407e4021a7,MW,"W=ONE,R=QUORUM",15,FAILED,observe-w2,"Unavailable: Error from server: code=1000 [Unavailable exception] message=""Cannot achieve consistency level QUORUM"" info={'consistency': 'QUORUM', 'required_replicas': 2, 'alive_replicas': 1}",,
partition,c5407e4021a7,MW,"W=ONE,R=QUORUM",16,FAILED,observe-w2,"Unavailable: Error from server: code=1000 [Unavailable exception] message=""Cannot achieve consistency level QUORUM"" info={'consistency': 'QUORUM', 'required_replicas': 2, 'alive_replicas': 1}",,
partition,c5407e4021a7,MW,"W=ONE,R=QUORUM",17,FAILED,observe-w2,"Unavailable: Error from server: code=1000 [Unavailable exception] message=""Cannot achieve consistency level QUORUM"" info={'consistency': 'QUORUM', 'required_replicas': 2, 'alive_replicas': 1}",,
partition,c5407e4021a7,MW,"W=ONE,R=QUORUM",18,FAILED,observe-w2,"Unavailable: Error from server: code=1000 [Unavailable exception] message=""Cannot achieve consistency level QUORUM"" info={'consistency': 'QUORUM', 'required_replicas': 2, 'alive_replicas': 1}",,
partition,c5407e4021a7,MW,"W=ONE,R=QUORUM",19,FAILED,observe-w2,"Unavailable: Error from server: code=1000 [Unavailable exception] message=""Cannot achieve consistency level QUORUM"" info={'consistency': 'QUORUM', 'required_replicas': 2, 'alive_replicas': 1}",,
partition,c5407e4021a7,MW,"W=ONE,R=QUORUM",20,FAILED,observe-w2,"Unavailable: Error from server: code=1000 [Unavailable exception] message=""Cannot achieve consistency level QUORUM"" info={'consistency': 'QUORUM', 'required_replicas': 2, 'alive_replicas': 1}",,
partition,c5407e4021a7,MW,"W=ONE,R=QUORUM",21,FAILED,observe-w2,"Unavailable: Error from server: code=1000 [Unavailable exception] message=""Cannot achieve consistency level QUORUM"" info={'consistency': 'QUORUM', 'required_replicas': 2, 'alive_replicas': 1}",,
partition,c5407e4021a7,MW,"W=ONE,R=QUORUM",22,FAILED,observe-w2,"Unavailable: Error from server: code=1000 [Unavailable exception] message=""Cannot achieve consistency level QUORUM"" info={'consistency': 'QUORUM', 'required_replicas': 2, 'alive_replicas': 1}",,
partition,c5407e4021a7,MW,"W=ONE,R=QUORUM",23,FAILED,observe-w2,"Unavailable: Error from server: code=1000 [Unavailable exception] message=""Cannot achieve consistency level QUORUM"" info={'consistency': 'QUORUM', 'required_replicas': 2, 'alive_replicas': 1}",,
partition,c5407e4021a7,MW,"W=ONE,R=QUORUM",24,FAILED,observe-w2,"Unavailable: Error from server: code=1000 [Unavailable exception] message=""Cannot achieve consistency level QUORUM"" info={'consistency': 'QUORUM', 'required_replicas': 2, 'alive_replicas': 1}",,
partition,c5407e4021a7,MW,"W=ONE,R=QUORUM",25,FAILED,observe-w2,"Unavailable: Error from server: code=1000 [Unavailable exception] message=""Cannot achieve consistency level QUORUM"" info={'consistency': 'QUORUM', 'required_replicas': 2, 'alive_replicas': 1}",,
partition,c5407e4021a7,MW,"W=ONE,R=QUORUM",26,FAILED,observe-w2,"Unavailable: Error from server: code=1000 [Unavailable exception] message=""Cannot achieve consistency level QUORUM"" info={'consistency': 'QUORUM', 'required_replicas': 2, 'alive_replicas': 1}",,
partition,c5407e4021a7,MW,"W=ONE,R=QUORUM",27,FAILED,observe-w2,"Unavailable: Error from server: code=1000 [Unavailable exception] message=""Cannot achieve consistency level QUORUM"" info={'consistency': 'QUORUM', 'required_replicas': 2, 'alive_replicas': 1}",,
partition,c5407e4021a7,MW,"W=ONE,R=QUORUM",28,FAILED,observe-w2,"Unavailable: Error from server: code=1000 [Unavailable exception] message=""Cannot achieve consistency level QUORUM"" info={'consistency': 'QUORUM', 'required_replicas': 2, 'alive_replicas': 1}",,
partition,c5407e4021a7,MW,"W=ONE,R=QUORUM",29,FAILED,observe-w2,"Unavailable: Error from server: code=1000 [Unavailable exception] message=""Cannot achieve consistency level QUORUM"" info={'consistency': 'QUORUM', 'required_replicas': 2, 'alive_replicas': 1}",,
partition,c5407e4021a7,WFR,"W=ONE,R=QUORUM",0,FAILED,observe-effect,"Unavailable: Error from server: code=1000 [Unavailable exception] message=""Cannot achieve consistency level QUORUM"" info={'consistency': 'QUORUM', 'required_replicas': 2, 'alive_replicas': 1}",1,
partition,c5407e4021a7,WFR,"W=ONE,R=QUORUM",1,FAILED,observe-effect,"Unavailable: Error from server: code=1000 [Unavailable exception] message=""Cannot achieve consistency level QUORUM"" info={'consistency': 'QUORUM', 'required_replicas': 2, 'alive_replicas': 1}",1,
partition,c5407e4021a7,WFR,"W=ONE,R=QUORUM",2,FAILED,observe-effect,"Unavailable: Error from server: code=1000 [Unavailable exception] message=""Cannot achieve consistency level QUORUM"" info={'consistency': 'QUORUM', 'required_replicas': 2, 'alive_replicas': 1}",1,
partition,c5407e4021a7,WFR,"W=ONE,R=QUORUM",3,FAILED,observe-effect,"Unavailable: Error from server: code=1000 [Unavailable exception] message=""Cannot achieve consistency level QUORUM"" info={'consistency': 'QUORUM', 'required_replicas': 2, 'alive_replicas': 1}",1,
partition,c5407e4021a7,WFR,"W=ONE,R=QUORUM",4,FAILED,observe-effect,"Unavailable: Error from server: code=1000 [Unavailable exception] message=""Cannot achieve consistency level QUORUM"" info={'consistency': 'QUORUM', 'required_replicas': 2, 'alive_replicas': 1}",1,
partition,c5407e4021a7,WFR,"W=ONE,R=QUORUM",5,FAILED,observe-effect,"Unavailable: Error from server: code=1000 [Unavailable exception] message=""Cannot achieve consistency level QUORUM"" info={'consistency': 'QUORUM', 'required_replicas': 2, 'alive_replicas': 1}",1,
partition,c5407e4021a7,WFR,"W=ONE,R=QUORUM",6,FAILED,observe-effect,"Unavailable: Error from server: code=1000 [Unavailable exception] message=""Cannot achieve consistency level QUORUM"" info={'consistency': 'QUORUM', 'required_replicas': 2, 'alive_replicas': 1}",1,
partition,c5407e4021a7,WFR,"W=ONE,R=QUORUM",7,FAILED,observe-effect,"Unavailable: Error from server: code=1000 [Unavailable exception] message=""Cannot achieve consistency level QUORUM"" info={'consistency': 'QUORUM', 'required_replicas': 2, 'alive_replicas': 1}",1,
partition,c5407e4021a7,WFR,"W=ONE,R=QUORUM",8,FAILED,observe-effect,"Unavailable: Error from server: code=1000 [Unavailable exception] message=""Cannot achieve consistency level QUORUM"" info={'consistency': 'QUORUM', 'required_replicas': 2, 'alive_replicas': 1}",1,
partition,c5407e4021a7,WFR,"W=ONE,R=QUORUM",9,FAILED,observe-effect,"Unavailable: Error from server: code=1000 [Unavailable exception] message=""Cannot achieve consistency level QUORUM"" info={'consistency': 'QUORUM', 'required_replicas': 2, 'alive_replicas': 1}",1,
partition,c5407e4021a7,WFR,"W=ONE,R=QUORUM",10,FAILED,observe-effect,"Unavailable: Error from server: code=1000 [Unavailable exception] message=""Cannot achieve consistency level QUORUM"" info={'consistency': 'QUORUM', 'required_replicas': 2, 'alive_replicas': 1}",1,
partition,c5407e4021a7,WFR,"W=ONE,R=QUORUM",11,FAILED,observe-effect,"Unavailable: Error from server: code=1000 [Unavailable exception] message=""Cannot achieve consistency level QUORUM"" info={'consistency': 'QUORUM', 'required_replicas': 2, 'alive_replicas': 1}",1,
partition,c5407e4021a7,WFR,"W=ONE,R=QUORUM",12,FAILED,observe-effect,"Unavailable: Error from server: code=1000 [Unavailable exception] message=""Cannot achieve consistency level QUORUM"" info={'consistency': 'QUORUM', 'required_replicas': 2, 'alive_replicas': 1}",1,
partition,c5407e4021a7,WFR,"W=ONE,R=QUORUM",13,FAILED,observe-effect,"Unavailable: Error from server: code=1000 [Unavailable exception] message=""Cannot achieve consistency level QUORUM"" info={'consistency': 'QUORUM', 'required_replicas': 2, 'alive_replicas': 1}",1,
partition,c5407e4021a7,WFR,"W=ONE,R=QUORUM",14,FAILED,observe-effect,"Unavailable: Error from server: code=1000 [Unavailable exception] message=""Cannot achieve consistency level QUORUM"" info={'consistency': 'QUORUM', 'required_replicas': 2, 'alive_replicas': 1}",1,
partition,c5407e4021a7,WFR,"W=ONE,R=QUORUM",15,FAILED,observe-effect,"Unavailable: Error from server: code=1000 [Unavailable exception] message=""Cannot achieve consistency level QUORUM"" info={'consistency': 'QUORUM', 'required_replicas': 2, 'alive_replicas': 1}",1,
partition,c5407e4021a7,WFR,"W=ONE,R=QUORUM",16,FAILED,observe-effect,"Unavailable: Error from server: code=1000 [Unavailable exception] message=""Cannot achieve consistency level QUORUM"" info={'consistency': 'QUORUM', 'required_replicas': 2, 'alive_replicas': 1}",1,
partition,c5407e4021a7,WFR,"W=ONE,R=QUORUM",17,FAILED,observe-effect,"Unavailable: Error from server: code=1000 [Unavailable exception] message=""Cannot achieve consistency level QUORUM"" info={'consistency': 'QUORUM', 'required_replicas': 2, 'alive_replicas': 1}",1,
partition,c5407e4021a7,WFR,"W=ONE,R=QUORUM",18,FAILED,observe-effect,"Unavailable: Error from server: code=1000 [Unavailable exception] message=""Cannot achieve consistency level QUORUM"" info={'consistency': 'QUORUM', 'required_replicas': 2, 'alive_replicas': 1}",1,
partition,c5407e4021a7,WFR,"W=ONE,R=QUORUM",19,FAILED,observe-effect,"Unavailable: Error from server: code=1000 [Unavailable exception] message=""Cannot achieve consistency level QUORUM"" info={'consistency': 'QUORUM', 'required_replicas': 2, 'alive_replicas': 1}",1,
partition,c5407e4021a7,WFR,"W=ONE,R=QUORUM",20,FAILED,observe-effect,"Unavailable: Error from server: code=1000 [Unavailable exception] message=""Cannot achieve consistency level QUORUM"" info={'consistency': 'QUORUM', 'required_replicas': 2, 'alive_replicas': 1}",1,
partition,c5407e4021a7,WFR,"W=ONE,R=QUORUM",21,FAILED,observe-effect,"Unavailable: Error from server: code=1000 [Unavailable exception] message=""Cannot achieve consistency level QUORUM"" info={'consistency': 'QUORUM', 'required_replicas': 2, 'alive_replicas': 1}",1,
partition,c5407e4021a7,WFR,"W=ONE,R=QUORUM",22,FAILED,observe-effect,"Unavailable: Error from server: code=1000 [Unavailable exception] message=""Cannot achieve consistency level QUORUM"" info={'consistency': 'QUORUM', 'required_replicas': 2, 'alive_replicas': 1}",1,
partition,c5407e4021a7,WFR,"W=ONE,R=QUORUM",23,FAILED,observe-effect,"Unavailable: Error from server: code=1000 [Unavailable exception] message=""Cannot achieve consistency level QUORUM"" info={'consistency': 'QUORUM', 'required_replicas': 2, 'alive_replicas': 1}",1,
partition,c5407e4021a7,WFR,"W=ONE,R=QUORUM",24,FAILED,observe-effect,"Unavailable: Error from server: code=1000 [Unavailable exception] message=""Cannot achieve consistency level QUORUM"" info={'consistency': 'QUORUM', 'required_replicas': 2, 'alive_replicas': 1}",1,
partition,c5407e4021a7,WFR,"W=ONE,R=QUORUM",25,FAILED,observe-effect,"Unavailable: Error from server: code=1000 [Unavailable exception] message=""Cannot achieve consistency level QUORUM"" info={'consistency': 'QUORUM', 'required_replicas': 2, 'alive_replicas': 1}",1,
partition,c5407e4021a7,WFR,"W=ONE,R=QUORUM",26,FAILED,observe-effect,"Unavailable: Error from server: code=1000 [Unavailable exception] message=""Cannot achieve consistency level QUORUM"" info={'consistency': 'QUORUM', 'required_replicas': 2, 'alive_replicas': 1}",1,
partition,c5407e4021a7,WFR,"W=ONE,R=QUORUM",27,FAILED,observe-effect,"Unavailable: Error from server: code=1000 [Unavailable exception] message=""Cannot achieve consistency level QUORUM"" info={'consistency': 'QUORUM', 'required_replicas': 2, 'alive_replicas': 1}",1,
partition,c5407e4021a7,WFR,"W=ONE,R=QUORUM",28,FAILED,observe-effect,"Unavailable: Error from server: code=1000 [Unavailable exception] message=""Cannot achieve consistency level QUORUM"" info={'consistency': 'QUORUM', 'required_replicas': 2, 'alive_replicas': 1}",1,
partition,c5407e4021a7,WFR,"W=ONE,R=QUORUM",29,FAILED,observe-effect,"Unavailable: Error from server: code=1000 [Unavailable exception] message=""Cannot achieve consistency level QUORUM"" info={'consistency': 'QUORUM', 'required_replicas': 2, 'alive_replicas': 1}",1,
partition,c5407e4021a7,RYW,"W=QUORUM,R=ONE",0,BREACH,check,"write via n1, read via n3",0,
partition,c5407e4021a7,RYW,"W=QUORUM,R=ONE",1,BREACH,check,"write via n1, read via n3",0,
partition,c5407e4021a7,RYW,"W=QUORUM,R=ONE",2,BREACH,check,"write via n1, read via n3",0,
partition,c5407e4021a7,RYW,"W=QUORUM,R=ONE",3,BREACH,check,"write via n1, read via n3",0,
partition,c5407e4021a7,RYW,"W=QUORUM,R=ONE",4,BREACH,check,"write via n1, read via n3",0,
partition,c5407e4021a7,RYW,"W=QUORUM,R=ONE",5,BREACH,check,"write via n1, read via n3",0,
partition,c5407e4021a7,RYW,"W=QUORUM,R=ONE",6,BREACH,check,"write via n1, read via n3",0,
partition,c5407e4021a7,RYW,"W=QUORUM,R=ONE",7,BREACH,check,"write via n1, read via n3",0,
partition,c5407e4021a7,RYW,"W=QUORUM,R=ONE",8,BREACH,check,"write via n1, read via n3",0,
partition,c5407e4021a7,RYW,"W=QUORUM,R=ONE",9,BREACH,check,"write via n1, read via n3",0,
partition,c5407e4021a7,RYW,"W=QUORUM,R=ONE",10,BREACH,check,"write via n1, read via n3",0,
partition,c5407e4021a7,RYW,"W=QUORUM,R=ONE",11,BREACH,check,"write via n1, read via n3",0,
partition,c5407e4021a7,RYW,"W=QUORUM,R=ONE",12,BREACH,check,"write via n1, read via n3",0,
partition,c5407e4021a7,RYW,"W=QUORUM,R=ONE",13,BREACH,check,"write via n1, read via n3",0,
partition,c5407e4021a7,RYW,"W=QUORUM,R=ONE",14,BREACH,check,"write via n1, read via n3",0,
partition,c5407e4021a7,RYW,"W=QUORUM,R=ONE",15,BREACH,check,"write via n1, read via n3",0,
partition,c5407e4021a7,RYW,"W=QUORUM,R=ONE",16,BREACH,check,"write via n1, read via n3",0,
partition,c5407e4021a7,RYW,"W=QUORUM,R=ONE",17,BREACH,check,"write via n1, read via n3",0,
partition,c5407e4021a7,RYW,"W=QUORUM,R=ONE",18,BREACH,check,"write via n1, read via n3",0,
partition,c5407e4021a7,RYW,"W=QUORUM,R=ONE",19,BREACH,check,"write via n1, read via n3",0,
partition,c5407e4021a7,RYW,"W=QUORUM,R=ONE",20,BREACH,check,"write via n1, read via n3",0,
partition,c5407e4021a7,RYW,"W=QUORUM,R=ONE",21,BREACH,check,"write via n1, read via n3",0,
partition,c5407e4021a7,RYW,"W=QUORUM,R=ONE",22,BREACH,check,"write via n1, read via n3",0,
partition,c5407e4021a7,RYW,"W=QUORUM,R=ONE",23,BREACH,check,"write via n1, read via n3",0,
partition,c5407e4021a7,RYW,"W=QUORUM,R=ONE",24,BREACH,check,"write via n1, read via n3",0,
partition,c5407e4021a7,RYW,"W=QUORUM,R=ONE",25,BREACH,check,"write via n1, read via n3",0,
partition,c5407e4021a7,RYW,"W=QUORUM,R=ONE",26,BREACH,check,"write via n1, read via n3",0,
partition,c5407e4021a7,RYW,"W=QUORUM,R=ONE",27,BREACH,check,"write via n1, read via n3",0,
partition,c5407e4021a7,RYW,"W=QUORUM,R=ONE",28,BREACH,check,"write via n1, read via n3",0,
partition,c5407e4021a7,RYW,"W=QUORUM,R=ONE",29,BREACH,check,"write via n1, read via n3",0,
partition,c5407e4021a7,MR,"W=QUORUM,R=ONE",0,BREACH,check,"R1 via n1, R2 via n3",1,0
partition,c5407e4021a7,MR,"W=QUORUM,R=ONE",1,BREACH,check,"R1 via n1, R2 via n3",1,0
partition,c5407e4021a7,MR,"W=QUORUM,R=ONE",2,BREACH,check,"R1 via n1, R2 via n3",1,0
partition,c5407e4021a7,MR,"W=QUORUM,R=ONE",3,BREACH,check,"R1 via n1, R2 via n3",1,0
partition,c5407e4021a7,MR,"W=QUORUM,R=ONE",4,BREACH,check,"R1 via n1, R2 via n3",1,0
partition,c5407e4021a7,MR,"W=QUORUM,R=ONE",5,BREACH,check,"R1 via n1, R2 via n3",1,0
partition,c5407e4021a7,MR,"W=QUORUM,R=ONE",6,BREACH,check,"R1 via n1, R2 via n3",1,0
partition,c5407e4021a7,MR,"W=QUORUM,R=ONE",7,BREACH,check,"R1 via n1, R2 via n3",1,0
partition,c5407e4021a7,MR,"W=QUORUM,R=ONE",8,BREACH,check,"R1 via n1, R2 via n3",1,0
partition,c5407e4021a7,MR,"W=QUORUM,R=ONE",9,BREACH,check,"R1 via n1, R2 via n3",1,0
partition,c5407e4021a7,MR,"W=QUORUM,R=ONE",10,BREACH,check,"R1 via n1, R2 via n3",1,0
partition,c5407e4021a7,MR,"W=QUORUM,R=ONE",11,BREACH,check,"R1 via n1, R2 via n3",1,0
partition,c5407e4021a7,MR,"W=QUORUM,R=ONE",12,BREACH,check,"R1 via n1, R2 via n3",1,0
partition,c5407e4021a7,MR,"W=QUORUM,R=ONE",13,BREACH,check,"R1 via n1, R2 via n3",1,0
partition,c5407e4021a7,MR,"W=QUORUM,R=ONE",14,BREACH,check,"R1 via n1, R2 via n3",1,0
partition,c5407e4021a7,MR,"W=QUORUM,R=ONE",15,BREACH,check,"R1 via n1, R2 via n3",1,0
partition,c5407e4021a7,MR,"W=QUORUM,R=ONE",16,BREACH,check,"R1 via n1, R2 via n3",1,0
partition,c5407e4021a7,MR,"W=QUORUM,R=ONE",17,BREACH,check,"R1 via n1, R2 via n3",1,0
partition,c5407e4021a7,MR,"W=QUORUM,R=ONE",18,BREACH,check,"R1 via n1, R2 via n3",1,0
partition,c5407e4021a7,MR,"W=QUORUM,R=ONE",19,BREACH,check,"R1 via n1, R2 via n3",1,0
partition,c5407e4021a7,MR,"W=QUORUM,R=ONE",20,BREACH,check,"R1 via n1, R2 via n3",1,0
partition,c5407e4021a7,MR,"W=QUORUM,R=ONE",21,BREACH,check,"R1 via n1, R2 via n3",1,0
partition,c5407e4021a7,MR,"W=QUORUM,R=ONE",22,BREACH,check,"R1 via n1, R2 via n3",1,0
partition,c5407e4021a7,MR,"W=QUORUM,R=ONE",23,BREACH,check,"R1 via n1, R2 via n3",1,0
partition,c5407e4021a7,MR,"W=QUORUM,R=ONE",24,BREACH,check,"R1 via n1, R2 via n3",1,0
partition,c5407e4021a7,MR,"W=QUORUM,R=ONE",25,BREACH,check,"R1 via n1, R2 via n3",1,0
partition,c5407e4021a7,MR,"W=QUORUM,R=ONE",26,BREACH,check,"R1 via n1, R2 via n3",1,0
partition,c5407e4021a7,MR,"W=QUORUM,R=ONE",27,BREACH,check,"R1 via n1, R2 via n3",1,0
partition,c5407e4021a7,MR,"W=QUORUM,R=ONE",28,BREACH,check,"R1 via n1, R2 via n3",1,0
partition,c5407e4021a7,MR,"W=QUORUM,R=ONE",29,BREACH,check,"R1 via n1, R2 via n3",1,0
partition,c5407e4021a7,MW,"W=QUORUM,R=ONE",0,FAILED,write2,"Unavailable: Error from server: code=1000 [Unavailable exception] message=""Cannot achieve consistency level QUORUM"" info={'consistency': 'QUORUM', 'required_replicas': 2, 'alive_replicas': 1}",,
partition,c5407e4021a7,MW,"W=QUORUM,R=ONE",1,FAILED,write2,"Unavailable: Error from server: code=1000 [Unavailable exception] message=""Cannot achieve consistency level QUORUM"" info={'consistency': 'QUORUM', 'required_replicas': 2, 'alive_replicas': 1}",,
partition,c5407e4021a7,MW,"W=QUORUM,R=ONE",2,FAILED,write2,"Unavailable: Error from server: code=1000 [Unavailable exception] message=""Cannot achieve consistency level QUORUM"" info={'consistency': 'QUORUM', 'required_replicas': 2, 'alive_replicas': 1}",,
partition,c5407e4021a7,MW,"W=QUORUM,R=ONE",3,FAILED,write2,"Unavailable: Error from server: code=1000 [Unavailable exception] message=""Cannot achieve consistency level QUORUM"" info={'consistency': 'QUORUM', 'required_replicas': 2, 'alive_replicas': 1}",,
partition,c5407e4021a7,MW,"W=QUORUM,R=ONE",4,FAILED,write2,"Unavailable: Error from server: code=1000 [Unavailable exception] message=""Cannot achieve consistency level QUORUM"" info={'consistency': 'QUORUM', 'required_replicas': 2, 'alive_replicas': 1}",,
partition,c5407e4021a7,MW,"W=QUORUM,R=ONE",5,FAILED,write2,"Unavailable: Error from server: code=1000 [Unavailable exception] message=""Cannot achieve consistency level QUORUM"" info={'consistency': 'QUORUM', 'required_replicas': 2, 'alive_replicas': 1}",,
partition,c5407e4021a7,MW,"W=QUORUM,R=ONE",6,FAILED,write2,"Unavailable: Error from server: code=1000 [Unavailable exception] message=""Cannot achieve consistency level QUORUM"" info={'consistency': 'QUORUM', 'required_replicas': 2, 'alive_replicas': 1}",,
partition,c5407e4021a7,MW,"W=QUORUM,R=ONE",7,FAILED,write2,"Unavailable: Error from server: code=1000 [Unavailable exception] message=""Cannot achieve consistency level QUORUM"" info={'consistency': 'QUORUM', 'required_replicas': 2, 'alive_replicas': 1}",,
partition,c5407e4021a7,MW,"W=QUORUM,R=ONE",8,FAILED,write2,"Unavailable: Error from server: code=1000 [Unavailable exception] message=""Cannot achieve consistency level QUORUM"" info={'consistency': 'QUORUM', 'required_replicas': 2, 'alive_replicas': 1}",,
partition,c5407e4021a7,MW,"W=QUORUM,R=ONE",9,FAILED,write2,"Unavailable: Error from server: code=1000 [Unavailable exception] message=""Cannot achieve consistency level QUORUM"" info={'consistency': 'QUORUM', 'required_replicas': 2, 'alive_replicas': 1}",,
partition,c5407e4021a7,MW,"W=QUORUM,R=ONE",10,FAILED,write2,"Unavailable: Error from server: code=1000 [Unavailable exception] message=""Cannot achieve consistency level QUORUM"" info={'consistency': 'QUORUM', 'required_replicas': 2, 'alive_replicas': 1}",,
partition,c5407e4021a7,MW,"W=QUORUM,R=ONE",11,FAILED,write2,"Unavailable: Error from server: code=1000 [Unavailable exception] message=""Cannot achieve consistency level QUORUM"" info={'consistency': 'QUORUM', 'required_replicas': 2, 'alive_replicas': 1}",,
partition,c5407e4021a7,MW,"W=QUORUM,R=ONE",12,FAILED,write2,"Unavailable: Error from server: code=1000 [Unavailable exception] message=""Cannot achieve consistency level QUORUM"" info={'consistency': 'QUORUM', 'required_replicas': 2, 'alive_replicas': 1}",,
partition,c5407e4021a7,MW,"W=QUORUM,R=ONE",13,FAILED,write2,"Unavailable: Error from server: code=1000 [Unavailable exception] message=""Cannot achieve consistency level QUORUM"" info={'consistency': 'QUORUM', 'required_replicas': 2, 'alive_replicas': 1}",,
partition,c5407e4021a7,MW,"W=QUORUM,R=ONE",14,FAILED,write2,"Unavailable: Error from server: code=1000 [Unavailable exception] message=""Cannot achieve consistency level QUORUM"" info={'consistency': 'QUORUM', 'required_replicas': 2, 'alive_replicas': 1}",,
partition,c5407e4021a7,MW,"W=QUORUM,R=ONE",15,FAILED,write2,"Unavailable: Error from server: code=1000 [Unavailable exception] message=""Cannot achieve consistency level QUORUM"" info={'consistency': 'QUORUM', 'required_replicas': 2, 'alive_replicas': 1}",,
partition,c5407e4021a7,MW,"W=QUORUM,R=ONE",16,FAILED,write2,"Unavailable: Error from server: code=1000 [Unavailable exception] message=""Cannot achieve consistency level QUORUM"" info={'consistency': 'QUORUM', 'required_replicas': 2, 'alive_replicas': 1}",,
partition,c5407e4021a7,MW,"W=QUORUM,R=ONE",17,FAILED,write2,"Unavailable: Error from server: code=1000 [Unavailable exception] message=""Cannot achieve consistency level QUORUM"" info={'consistency': 'QUORUM', 'required_replicas': 2, 'alive_replicas': 1}",,
partition,c5407e4021a7,MW,"W=QUORUM,R=ONE",18,FAILED,write2,"Unavailable: Error from server: code=1000 [Unavailable exception] message=""Cannot achieve consistency level QUORUM"" info={'consistency': 'QUORUM', 'required_replicas': 2, 'alive_replicas': 1}",,
partition,c5407e4021a7,MW,"W=QUORUM,R=ONE",19,FAILED,write2,"Unavailable: Error from server: code=1000 [Unavailable exception] message=""Cannot achieve consistency level QUORUM"" info={'consistency': 'QUORUM', 'required_replicas': 2, 'alive_replicas': 1}",,
partition,c5407e4021a7,MW,"W=QUORUM,R=ONE",20,FAILED,write2,"Unavailable: Error from server: code=1000 [Unavailable exception] message=""Cannot achieve consistency level QUORUM"" info={'consistency': 'QUORUM', 'required_replicas': 2, 'alive_replicas': 1}",,
partition,c5407e4021a7,MW,"W=QUORUM,R=ONE",21,FAILED,write2,"Unavailable: Error from server: code=1000 [Unavailable exception] message=""Cannot achieve consistency level QUORUM"" info={'consistency': 'QUORUM', 'required_replicas': 2, 'alive_replicas': 1}",,
partition,c5407e4021a7,MW,"W=QUORUM,R=ONE",22,FAILED,write2,"Unavailable: Error from server: code=1000 [Unavailable exception] message=""Cannot achieve consistency level QUORUM"" info={'consistency': 'QUORUM', 'required_replicas': 2, 'alive_replicas': 1}",,
partition,c5407e4021a7,MW,"W=QUORUM,R=ONE",23,FAILED,write2,"Unavailable: Error from server: code=1000 [Unavailable exception] message=""Cannot achieve consistency level QUORUM"" info={'consistency': 'QUORUM', 'required_replicas': 2, 'alive_replicas': 1}",,
partition,c5407e4021a7,MW,"W=QUORUM,R=ONE",24,FAILED,write2,"Unavailable: Error from server: code=1000 [Unavailable exception] message=""Cannot achieve consistency level QUORUM"" info={'consistency': 'QUORUM', 'required_replicas': 2, 'alive_replicas': 1}",,
partition,c5407e4021a7,MW,"W=QUORUM,R=ONE",25,FAILED,write2,"Unavailable: Error from server: code=1000 [Unavailable exception] message=""Cannot achieve consistency level QUORUM"" info={'consistency': 'QUORUM', 'required_replicas': 2, 'alive_replicas': 1}",,
partition,c5407e4021a7,MW,"W=QUORUM,R=ONE",26,FAILED,write2,"Unavailable: Error from server: code=1000 [Unavailable exception] message=""Cannot achieve consistency level QUORUM"" info={'consistency': 'QUORUM', 'required_replicas': 2, 'alive_replicas': 1}",,
partition,c5407e4021a7,MW,"W=QUORUM,R=ONE",27,FAILED,write2,"Unavailable: Error from server: code=1000 [Unavailable exception] message=""Cannot achieve consistency level QUORUM"" info={'consistency': 'QUORUM', 'required_replicas': 2, 'alive_replicas': 1}",,
partition,c5407e4021a7,MW,"W=QUORUM,R=ONE",28,FAILED,write2,"Unavailable: Error from server: code=1000 [Unavailable exception] message=""Cannot achieve consistency level QUORUM"" info={'consistency': 'QUORUM', 'required_replicas': 2, 'alive_replicas': 1}",,
partition,c5407e4021a7,MW,"W=QUORUM,R=ONE",29,FAILED,write2,"Unavailable: Error from server: code=1000 [Unavailable exception] message=""Cannot achieve consistency level QUORUM"" info={'consistency': 'QUORUM', 'required_replicas': 2, 'alive_replicas': 1}",,
partition,c5407e4021a7,WFR,"W=QUORUM,R=ONE",0,FAILED,effect-write,"Unavailable: Error from server: code=1000 [Unavailable exception] message=""Cannot achieve consistency level QUORUM"" info={'consistency': 'QUORUM', 'required_replicas': 2, 'alive_replicas': 1}",1,
partition,c5407e4021a7,WFR,"W=QUORUM,R=ONE",1,FAILED,effect-write,"Unavailable: Error from server: code=1000 [Unavailable exception] message=""Cannot achieve consistency level QUORUM"" info={'consistency': 'QUORUM', 'required_replicas': 2, 'alive_replicas': 1}",1,
partition,c5407e4021a7,WFR,"W=QUORUM,R=ONE",2,FAILED,effect-write,"Unavailable: Error from server: code=1000 [Unavailable exception] message=""Cannot achieve consistency level QUORUM"" info={'consistency': 'QUORUM', 'required_replicas': 2, 'alive_replicas': 1}",1,
partition,c5407e4021a7,WFR,"W=QUORUM,R=ONE",3,FAILED,effect-write,"Unavailable: Error from server: code=1000 [Unavailable exception] message=""Cannot achieve consistency level QUORUM"" info={'consistency': 'QUORUM', 'required_replicas': 2, 'alive_replicas': 1}",1,
partition,c5407e4021a7,WFR,"W=QUORUM,R=ONE",4,FAILED,effect-write,"Unavailable: Error from server: code=1000 [Unavailable exception] message=""Cannot achieve consistency level QUORUM"" info={'consistency': 'QUORUM', 'required_replicas': 2, 'alive_replicas': 1}",1,
partition,c5407e4021a7,WFR,"W=QUORUM,R=ONE",5,FAILED,effect-write,"Unavailable: Error from server: code=1000 [Unavailable exception] message=""Cannot achieve consistency level QUORUM"" info={'consistency': 'QUORUM', 'required_replicas': 2, 'alive_replicas': 1}",1,
partition,c5407e4021a7,WFR,"W=QUORUM,R=ONE",6,FAILED,effect-write,"Unavailable: Error from server: code=1000 [Unavailable exception] message=""Cannot achieve consistency level QUORUM"" info={'consistency': 'QUORUM', 'required_replicas': 2, 'alive_replicas': 1}",1,
partition,c5407e4021a7,WFR,"W=QUORUM,R=ONE",7,FAILED,effect-write,"Unavailable: Error from server: code=1000 [Unavailable exception] message=""Cannot achieve consistency level QUORUM"" info={'consistency': 'QUORUM', 'required_replicas': 2, 'alive_replicas': 1}",1,
partition,c5407e4021a7,WFR,"W=QUORUM,R=ONE",8,FAILED,effect-write,"Unavailable: Error from server: code=1000 [Unavailable exception] message=""Cannot achieve consistency level QUORUM"" info={'consistency': 'QUORUM', 'required_replicas': 2, 'alive_replicas': 1}",1,
partition,c5407e4021a7,WFR,"W=QUORUM,R=ONE",9,FAILED,effect-write,"Unavailable: Error from server: code=1000 [Unavailable exception] message=""Cannot achieve consistency level QUORUM"" info={'consistency': 'QUORUM', 'required_replicas': 2, 'alive_replicas': 1}",1,
partition,c5407e4021a7,WFR,"W=QUORUM,R=ONE",10,FAILED,effect-write,"Unavailable: Error from server: code=1000 [Unavailable exception] message=""Cannot achieve consistency level QUORUM"" info={'consistency': 'QUORUM', 'required_replicas': 2, 'alive_replicas': 1}",1,
partition,c5407e4021a7,WFR,"W=QUORUM,R=ONE",11,FAILED,effect-write,"Unavailable: Error from server: code=1000 [Unavailable exception] message=""Cannot achieve consistency level QUORUM"" info={'consistency': 'QUORUM', 'required_replicas': 2, 'alive_replicas': 1}",1,
partition,c5407e4021a7,WFR,"W=QUORUM,R=ONE",12,FAILED,effect-write,"Unavailable: Error from server: code=1000 [Unavailable exception] message=""Cannot achieve consistency level QUORUM"" info={'consistency': 'QUORUM', 'required_replicas': 2, 'alive_replicas': 1}",1,
partition,c5407e4021a7,WFR,"W=QUORUM,R=ONE",13,FAILED,effect-write,"Unavailable: Error from server: code=1000 [Unavailable exception] message=""Cannot achieve consistency level QUORUM"" info={'consistency': 'QUORUM', 'required_replicas': 2, 'alive_replicas': 1}",1,
partition,c5407e4021a7,WFR,"W=QUORUM,R=ONE",14,FAILED,effect-write,"Unavailable: Error from server: code=1000 [Unavailable exception] message=""Cannot achieve consistency level QUORUM"" info={'consistency': 'QUORUM', 'required_replicas': 2, 'alive_replicas': 1}",1,
partition,c5407e4021a7,WFR,"W=QUORUM,R=ONE",15,FAILED,effect-write,"Unavailable: Error from server: code=1000 [Unavailable exception] message=""Cannot achieve consistency level QUORUM"" info={'consistency': 'QUORUM', 'required_replicas': 2, 'alive_replicas': 1}",1,
partition,c5407e4021a7,WFR,"W=QUORUM,R=ONE",16,FAILED,effect-write,"Unavailable: Error from server: code=1000 [Unavailable exception] message=""Cannot achieve consistency level QUORUM"" info={'consistency': 'QUORUM', 'required_replicas': 2, 'alive_replicas': 1}",1,
partition,c5407e4021a7,WFR,"W=QUORUM,R=ONE",17,FAILED,effect-write,"Unavailable: Error from server: code=1000 [Unavailable exception] message=""Cannot achieve consistency level QUORUM"" info={'consistency': 'QUORUM', 'required_replicas': 2, 'alive_replicas': 1}",1,
partition,c5407e4021a7,WFR,"W=QUORUM,R=ONE",18,FAILED,effect-write,"Unavailable: Error from server: code=1000 [Unavailable exception] message=""Cannot achieve consistency level QUORUM"" info={'consistency': 'QUORUM', 'required_replicas': 2, 'alive_replicas': 1}",1,
partition,c5407e4021a7,WFR,"W=QUORUM,R=ONE",19,FAILED,effect-write,"Unavailable: Error from server: code=1000 [Unavailable exception] message=""Cannot achieve consistency level QUORUM"" info={'consistency': 'QUORUM', 'required_replicas': 2, 'alive_replicas': 1}",1,
partition,c5407e4021a7,WFR,"W=QUORUM,R=ONE",20,FAILED,effect-write,"Unavailable: Error from server: code=1000 [Unavailable exception] message=""Cannot achieve consistency level QUORUM"" info={'consistency': 'QUORUM', 'required_replicas': 2, 'alive_replicas': 1}",1,
partition,c5407e4021a7,WFR,"W=QUORUM,R=ONE",21,FAILED,effect-write,"Unavailable: Error from server: code=1000 [Unavailable exception] message=""Cannot achieve consistency level QUORUM"" info={'consistency': 'QUORUM', 'required_replicas': 2, 'alive_replicas': 1}",1,
partition,c5407e4021a7,WFR,"W=QUORUM,R=ONE",22,FAILED,effect-write,"Unavailable: Error from server: code=1000 [Unavailable exception] message=""Cannot achieve consistency level QUORUM"" info={'consistency': 'QUORUM', 'required_replicas': 2, 'alive_replicas': 1}",1,
partition,c5407e4021a7,WFR,"W=QUORUM,R=ONE",23,FAILED,effect-write,"Unavailable: Error from server: code=1000 [Unavailable exception] message=""Cannot achieve consistency level QUORUM"" info={'consistency': 'QUORUM', 'required_replicas': 2, 'alive_replicas': 1}",1,
partition,c5407e4021a7,WFR,"W=QUORUM,R=ONE",24,FAILED,effect-write,"Unavailable: Error from server: code=1000 [Unavailable exception] message=""Cannot achieve consistency level QUORUM"" info={'consistency': 'QUORUM', 'required_replicas': 2, 'alive_replicas': 1}",1,
partition,c5407e4021a7,WFR,"W=QUORUM,R=ONE",25,FAILED,effect-write,"Unavailable: Error from server: code=1000 [Unavailable exception] message=""Cannot achieve consistency level QUORUM"" info={'consistency': 'QUORUM', 'required_replicas': 2, 'alive_replicas': 1}",1,
partition,c5407e4021a7,WFR,"W=QUORUM,R=ONE",26,FAILED,effect-write,"Unavailable: Error from server: code=1000 [Unavailable exception] message=""Cannot achieve consistency level QUORUM"" info={'consistency': 'QUORUM', 'required_replicas': 2, 'alive_replicas': 1}",1,
partition,c5407e4021a7,WFR,"W=QUORUM,R=ONE",27,FAILED,effect-write,"Unavailable: Error from server: code=1000 [Unavailable exception] message=""Cannot achieve consistency level QUORUM"" info={'consistency': 'QUORUM', 'required_replicas': 2, 'alive_replicas': 1}",1,
partition,c5407e4021a7,WFR,"W=QUORUM,R=ONE",28,FAILED,effect-write,"Unavailable: Error from server: code=1000 [Unavailable exception] message=""Cannot achieve consistency level QUORUM"" info={'consistency': 'QUORUM', 'required_replicas': 2, 'alive_replicas': 1}",1,
partition,c5407e4021a7,WFR,"W=QUORUM,R=ONE",29,FAILED,effect-write,"Unavailable: Error from server: code=1000 [Unavailable exception] message=""Cannot achieve consistency level QUORUM"" info={'consistency': 'QUORUM', 'required_replicas': 2, 'alive_replicas': 1}",1,
partition,c5407e4021a7,RYW,"W=QUORUM,R=QUORUM",0,FAILED,read,"Unavailable: Error from server: code=1000 [Unavailable exception] message=""Cannot achieve consistency level QUORUM"" info={'consistency': 'QUORUM', 'required_replicas': 2, 'alive_replicas': 1}",,
partition,c5407e4021a7,RYW,"W=QUORUM,R=QUORUM",1,FAILED,read,"Unavailable: Error from server: code=1000 [Unavailable exception] message=""Cannot achieve consistency level QUORUM"" info={'consistency': 'QUORUM', 'required_replicas': 2, 'alive_replicas': 1}",,
partition,c5407e4021a7,RYW,"W=QUORUM,R=QUORUM",2,FAILED,read,"Unavailable: Error from server: code=1000 [Unavailable exception] message=""Cannot achieve consistency level QUORUM"" info={'consistency': 'QUORUM', 'required_replicas': 2, 'alive_replicas': 1}",,
partition,c5407e4021a7,RYW,"W=QUORUM,R=QUORUM",3,FAILED,read,"Unavailable: Error from server: code=1000 [Unavailable exception] message=""Cannot achieve consistency level QUORUM"" info={'consistency': 'QUORUM', 'required_replicas': 2, 'alive_replicas': 1}",,
partition,c5407e4021a7,RYW,"W=QUORUM,R=QUORUM",4,FAILED,read,"Unavailable: Error from server: code=1000 [Unavailable exception] message=""Cannot achieve consistency level QUORUM"" info={'consistency': 'QUORUM', 'required_replicas': 2, 'alive_replicas': 1}",,
partition,c5407e4021a7,RYW,"W=QUORUM,R=QUORUM",5,FAILED,read,"Unavailable: Error from server: code=1000 [Unavailable exception] message=""Cannot achieve consistency level QUORUM"" info={'consistency': 'QUORUM', 'required_replicas': 2, 'alive_replicas': 1}",,
partition,c5407e4021a7,RYW,"W=QUORUM,R=QUORUM",6,FAILED,read,"Unavailable: Error from server: code=1000 [Unavailable exception] message=""Cannot achieve consistency level QUORUM"" info={'consistency': 'QUORUM', 'required_replicas': 2, 'alive_replicas': 1}",,
partition,c5407e4021a7,RYW,"W=QUORUM,R=QUORUM",7,FAILED,read,"Unavailable: Error from server: code=1000 [Unavailable exception] message=""Cannot achieve consistency level QUORUM"" info={'consistency': 'QUORUM', 'required_replicas': 2, 'alive_replicas': 1}",,
partition,c5407e4021a7,RYW,"W=QUORUM,R=QUORUM",8,FAILED,read,"Unavailable: Error from server: code=1000 [Unavailable exception] message=""Cannot achieve consistency level QUORUM"" info={'consistency': 'QUORUM', 'required_replicas': 2, 'alive_replicas': 1}",,
partition,c5407e4021a7,RYW,"W=QUORUM,R=QUORUM",9,FAILED,read,"Unavailable: Error from server: code=1000 [Unavailable exception] message=""Cannot achieve consistency level QUORUM"" info={'consistency': 'QUORUM', 'required_replicas': 2, 'alive_replicas': 1}",,
partition,c5407e4021a7,RYW,"W=QUORUM,R=QUORUM",10,FAILED,read,"Unavailable: Error from server: code=1000 [Unavailable exception] message=""Cannot achieve consistency level QUORUM"" info={'consistency': 'QUORUM', 'required_replicas': 2, 'alive_replicas': 1}",,
partition,c5407e4021a7,RYW,"W=QUORUM,R=QUORUM",11,FAILED,read,"Unavailable: Error from server: code=1000 [Unavailable exception] message=""Cannot achieve consistency level QUORUM"" info={'consistency': 'QUORUM', 'required_replicas': 2, 'alive_replicas': 1}",,
partition,c5407e4021a7,RYW,"W=QUORUM,R=QUORUM",12,FAILED,read,"Unavailable: Error from server: code=1000 [Unavailable exception] message=""Cannot achieve consistency level QUORUM"" info={'consistency': 'QUORUM', 'required_replicas': 2, 'alive_replicas': 1}",,
partition,c5407e4021a7,RYW,"W=QUORUM,R=QUORUM",13,FAILED,read,"Unavailable: Error from server: code=1000 [Unavailable exception] message=""Cannot achieve consistency level QUORUM"" info={'consistency': 'QUORUM', 'required_replicas': 2, 'alive_replicas': 1}",,
partition,c5407e4021a7,RYW,"W=QUORUM,R=QUORUM",14,FAILED,read,"Unavailable: Error from server: code=1000 [Unavailable exception] message=""Cannot achieve consistency level QUORUM"" info={'consistency': 'QUORUM', 'required_replicas': 2, 'alive_replicas': 1}",,
partition,c5407e4021a7,RYW,"W=QUORUM,R=QUORUM",15,FAILED,read,"Unavailable: Error from server: code=1000 [Unavailable exception] message=""Cannot achieve consistency level QUORUM"" info={'consistency': 'QUORUM', 'required_replicas': 2, 'alive_replicas': 1}",,
partition,c5407e4021a7,RYW,"W=QUORUM,R=QUORUM",16,FAILED,read,"Unavailable: Error from server: code=1000 [Unavailable exception] message=""Cannot achieve consistency level QUORUM"" info={'consistency': 'QUORUM', 'required_replicas': 2, 'alive_replicas': 1}",,
partition,c5407e4021a7,RYW,"W=QUORUM,R=QUORUM",17,FAILED,read,"Unavailable: Error from server: code=1000 [Unavailable exception] message=""Cannot achieve consistency level QUORUM"" info={'consistency': 'QUORUM', 'required_replicas': 2, 'alive_replicas': 1}",,
partition,c5407e4021a7,RYW,"W=QUORUM,R=QUORUM",18,FAILED,read,"Unavailable: Error from server: code=1000 [Unavailable exception] message=""Cannot achieve consistency level QUORUM"" info={'consistency': 'QUORUM', 'required_replicas': 2, 'alive_replicas': 1}",,
partition,c5407e4021a7,RYW,"W=QUORUM,R=QUORUM",19,FAILED,read,"Unavailable: Error from server: code=1000 [Unavailable exception] message=""Cannot achieve consistency level QUORUM"" info={'consistency': 'QUORUM', 'required_replicas': 2, 'alive_replicas': 1}",,
partition,c5407e4021a7,RYW,"W=QUORUM,R=QUORUM",20,FAILED,read,"Unavailable: Error from server: code=1000 [Unavailable exception] message=""Cannot achieve consistency level QUORUM"" info={'consistency': 'QUORUM', 'required_replicas': 2, 'alive_replicas': 1}",,
partition,c5407e4021a7,RYW,"W=QUORUM,R=QUORUM",21,FAILED,read,"Unavailable: Error from server: code=1000 [Unavailable exception] message=""Cannot achieve consistency level QUORUM"" info={'consistency': 'QUORUM', 'required_replicas': 2, 'alive_replicas': 1}",,
partition,c5407e4021a7,RYW,"W=QUORUM,R=QUORUM",22,FAILED,read,"Unavailable: Error from server: code=1000 [Unavailable exception] message=""Cannot achieve consistency level QUORUM"" info={'consistency': 'QUORUM', 'required_replicas': 2, 'alive_replicas': 1}",,
partition,c5407e4021a7,RYW,"W=QUORUM,R=QUORUM",23,FAILED,read,"Unavailable: Error from server: code=1000 [Unavailable exception] message=""Cannot achieve consistency level QUORUM"" info={'consistency': 'QUORUM', 'required_replicas': 2, 'alive_replicas': 1}",,
partition,c5407e4021a7,RYW,"W=QUORUM,R=QUORUM",24,FAILED,read,"Unavailable: Error from server: code=1000 [Unavailable exception] message=""Cannot achieve consistency level QUORUM"" info={'consistency': 'QUORUM', 'required_replicas': 2, 'alive_replicas': 1}",,
partition,c5407e4021a7,RYW,"W=QUORUM,R=QUORUM",25,FAILED,read,"Unavailable: Error from server: code=1000 [Unavailable exception] message=""Cannot achieve consistency level QUORUM"" info={'consistency': 'QUORUM', 'required_replicas': 2, 'alive_replicas': 1}",,
partition,c5407e4021a7,RYW,"W=QUORUM,R=QUORUM",26,FAILED,read,"Unavailable: Error from server: code=1000 [Unavailable exception] message=""Cannot achieve consistency level QUORUM"" info={'consistency': 'QUORUM', 'required_replicas': 2, 'alive_replicas': 1}",,
partition,c5407e4021a7,RYW,"W=QUORUM,R=QUORUM",27,FAILED,read,"Unavailable: Error from server: code=1000 [Unavailable exception] message=""Cannot achieve consistency level QUORUM"" info={'consistency': 'QUORUM', 'required_replicas': 2, 'alive_replicas': 1}",,
partition,c5407e4021a7,RYW,"W=QUORUM,R=QUORUM",28,FAILED,read,"Unavailable: Error from server: code=1000 [Unavailable exception] message=""Cannot achieve consistency level QUORUM"" info={'consistency': 'QUORUM', 'required_replicas': 2, 'alive_replicas': 1}",,
partition,c5407e4021a7,RYW,"W=QUORUM,R=QUORUM",29,FAILED,read,"Unavailable: Error from server: code=1000 [Unavailable exception] message=""Cannot achieve consistency level QUORUM"" info={'consistency': 'QUORUM', 'required_replicas': 2, 'alive_replicas': 1}",,
partition,c5407e4021a7,MR,"W=QUORUM,R=QUORUM",0,FAILED,read2,"Unavailable: Error from server: code=1000 [Unavailable exception] message=""Cannot achieve consistency level QUORUM"" info={'consistency': 'QUORUM', 'required_replicas': 2, 'alive_replicas': 1}",1,
partition,c5407e4021a7,MR,"W=QUORUM,R=QUORUM",1,FAILED,read2,"Unavailable: Error from server: code=1000 [Unavailable exception] message=""Cannot achieve consistency level QUORUM"" info={'consistency': 'QUORUM', 'required_replicas': 2, 'alive_replicas': 1}",1,
partition,c5407e4021a7,MR,"W=QUORUM,R=QUORUM",2,FAILED,read2,"Unavailable: Error from server: code=1000 [Unavailable exception] message=""Cannot achieve consistency level QUORUM"" info={'consistency': 'QUORUM', 'required_replicas': 2, 'alive_replicas': 1}",1,
partition,c5407e4021a7,MR,"W=QUORUM,R=QUORUM",3,FAILED,read2,"Unavailable: Error from server: code=1000 [Unavailable exception] message=""Cannot achieve consistency level QUORUM"" info={'consistency': 'QUORUM', 'required_replicas': 2, 'alive_replicas': 1}",1,
partition,c5407e4021a7,MR,"W=QUORUM,R=QUORUM",4,FAILED,read2,"Unavailable: Error from server: code=1000 [Unavailable exception] message=""Cannot achieve consistency level QUORUM"" info={'consistency': 'QUORUM', 'required_replicas': 2, 'alive_replicas': 1}",1,
partition,c5407e4021a7,MR,"W=QUORUM,R=QUORUM",5,FAILED,read2,"Unavailable: Error from server: code=1000 [Unavailable exception] message=""Cannot achieve consistency level QUORUM"" info={'consistency': 'QUORUM', 'required_replicas': 2, 'alive_replicas': 1}",1,
partition,c5407e4021a7,MR,"W=QUORUM,R=QUORUM",6,FAILED,read2,"Unavailable: Error from server: code=1000 [Unavailable exception] message=""Cannot achieve consistency level QUORUM"" info={'consistency': 'QUORUM', 'required_replicas': 2, 'alive_replicas': 1}",1,
partition,c5407e4021a7,MR,"W=QUORUM,R=QUORUM",7,FAILED,read2,"Unavailable: Error from server: code=1000 [Unavailable exception] message=""Cannot achieve consistency level QUORUM"" info={'consistency': 'QUORUM', 'required_replicas': 2, 'alive_replicas': 1}",1,
partition,c5407e4021a7,MR,"W=QUORUM,R=QUORUM",8,FAILED,read2,"Unavailable: Error from server: code=1000 [Unavailable exception] message=""Cannot achieve consistency level QUORUM"" info={'consistency': 'QUORUM', 'required_replicas': 2, 'alive_replicas': 1}",1,
partition,c5407e4021a7,MR,"W=QUORUM,R=QUORUM",9,FAILED,read2,"Unavailable: Error from server: code=1000 [Unavailable exception] message=""Cannot achieve consistency level QUORUM"" info={'consistency': 'QUORUM', 'required_replicas': 2, 'alive_replicas': 1}",1,
partition,c5407e4021a7,MR,"W=QUORUM,R=QUORUM",10,FAILED,read2,"Unavailable: Error from server: code=1000 [Unavailable exception] message=""Cannot achieve consistency level QUORUM"" info={'consistency': 'QUORUM', 'required_replicas': 2, 'alive_replicas': 1}",1,
partition,c5407e4021a7,MR,"W=QUORUM,R=QUORUM",11,FAILED,read2,"Unavailable: Error from server: code=1000 [Unavailable exception] message=""Cannot achieve consistency level QUORUM"" info={'consistency': 'QUORUM', 'required_replicas': 2, 'alive_replicas': 1}",1,
partition,c5407e4021a7,MR,"W=QUORUM,R=QUORUM",12,FAILED,read2,"Unavailable: Error from server: code=1000 [Unavailable exception] message=""Cannot achieve consistency level QUORUM"" info={'consistency': 'QUORUM', 'required_replicas': 2, 'alive_replicas': 1}",1,
partition,c5407e4021a7,MR,"W=QUORUM,R=QUORUM",13,FAILED,read2,"Unavailable: Error from server: code=1000 [Unavailable exception] message=""Cannot achieve consistency level QUORUM"" info={'consistency': 'QUORUM', 'required_replicas': 2, 'alive_replicas': 1}",1,
partition,c5407e4021a7,MR,"W=QUORUM,R=QUORUM",14,FAILED,read2,"Unavailable: Error from server: code=1000 [Unavailable exception] message=""Cannot achieve consistency level QUORUM"" info={'consistency': 'QUORUM', 'required_replicas': 2, 'alive_replicas': 1}",1,
partition,c5407e4021a7,MR,"W=QUORUM,R=QUORUM",15,FAILED,read2,"Unavailable: Error from server: code=1000 [Unavailable exception] message=""Cannot achieve consistency level QUORUM"" info={'consistency': 'QUORUM', 'required_replicas': 2, 'alive_replicas': 1}",1,
partition,c5407e4021a7,MR,"W=QUORUM,R=QUORUM",16,FAILED,read2,"Unavailable: Error from server: code=1000 [Unavailable exception] message=""Cannot achieve consistency level QUORUM"" info={'consistency': 'QUORUM', 'required_replicas': 2, 'alive_replicas': 1}",1,
partition,c5407e4021a7,MR,"W=QUORUM,R=QUORUM",17,FAILED,read2,"Unavailable: Error from server: code=1000 [Unavailable exception] message=""Cannot achieve consistency level QUORUM"" info={'consistency': 'QUORUM', 'required_replicas': 2, 'alive_replicas': 1}",1,
partition,c5407e4021a7,MR,"W=QUORUM,R=QUORUM",18,FAILED,read2,"Unavailable: Error from server: code=1000 [Unavailable exception] message=""Cannot achieve consistency level QUORUM"" info={'consistency': 'QUORUM', 'required_replicas': 2, 'alive_replicas': 1}",1,
partition,c5407e4021a7,MR,"W=QUORUM,R=QUORUM",19,FAILED,read2,"Unavailable: Error from server: code=1000 [Unavailable exception] message=""Cannot achieve consistency level QUORUM"" info={'consistency': 'QUORUM', 'required_replicas': 2, 'alive_replicas': 1}",1,
partition,c5407e4021a7,MR,"W=QUORUM,R=QUORUM",20,FAILED,read2,"Unavailable: Error from server: code=1000 [Unavailable exception] message=""Cannot achieve consistency level QUORUM"" info={'consistency': 'QUORUM', 'required_replicas': 2, 'alive_replicas': 1}",1,
partition,c5407e4021a7,MR,"W=QUORUM,R=QUORUM",21,FAILED,read2,"Unavailable: Error from server: code=1000 [Unavailable exception] message=""Cannot achieve consistency level QUORUM"" info={'consistency': 'QUORUM', 'required_replicas': 2, 'alive_replicas': 1}",1,
partition,c5407e4021a7,MR,"W=QUORUM,R=QUORUM",22,FAILED,read2,"Unavailable: Error from server: code=1000 [Unavailable exception] message=""Cannot achieve consistency level QUORUM"" info={'consistency': 'QUORUM', 'required_replicas': 2, 'alive_replicas': 1}",1,
partition,c5407e4021a7,MR,"W=QUORUM,R=QUORUM",23,FAILED,read2,"Unavailable: Error from server: code=1000 [Unavailable exception] message=""Cannot achieve consistency level QUORUM"" info={'consistency': 'QUORUM', 'required_replicas': 2, 'alive_replicas': 1}",1,
partition,c5407e4021a7,MR,"W=QUORUM,R=QUORUM",24,FAILED,read2,"Unavailable: Error from server: code=1000 [Unavailable exception] message=""Cannot achieve consistency level QUORUM"" info={'consistency': 'QUORUM', 'required_replicas': 2, 'alive_replicas': 1}",1,
partition,c5407e4021a7,MR,"W=QUORUM,R=QUORUM",25,FAILED,read2,"Unavailable: Error from server: code=1000 [Unavailable exception] message=""Cannot achieve consistency level QUORUM"" info={'consistency': 'QUORUM', 'required_replicas': 2, 'alive_replicas': 1}",1,
partition,c5407e4021a7,MR,"W=QUORUM,R=QUORUM",26,FAILED,read2,"Unavailable: Error from server: code=1000 [Unavailable exception] message=""Cannot achieve consistency level QUORUM"" info={'consistency': 'QUORUM', 'required_replicas': 2, 'alive_replicas': 1}",1,
partition,c5407e4021a7,MR,"W=QUORUM,R=QUORUM",27,FAILED,read2,"Unavailable: Error from server: code=1000 [Unavailable exception] message=""Cannot achieve consistency level QUORUM"" info={'consistency': 'QUORUM', 'required_replicas': 2, 'alive_replicas': 1}",1,
partition,c5407e4021a7,MR,"W=QUORUM,R=QUORUM",28,FAILED,read2,"Unavailable: Error from server: code=1000 [Unavailable exception] message=""Cannot achieve consistency level QUORUM"" info={'consistency': 'QUORUM', 'required_replicas': 2, 'alive_replicas': 1}",1,
partition,c5407e4021a7,MR,"W=QUORUM,R=QUORUM",29,FAILED,read2,"Unavailable: Error from server: code=1000 [Unavailable exception] message=""Cannot achieve consistency level QUORUM"" info={'consistency': 'QUORUM', 'required_replicas': 2, 'alive_replicas': 1}",1,
partition,c5407e4021a7,MW,"W=QUORUM,R=QUORUM",0,FAILED,write2,"Unavailable: Error from server: code=1000 [Unavailable exception] message=""Cannot achieve consistency level QUORUM"" info={'consistency': 'QUORUM', 'required_replicas': 2, 'alive_replicas': 1}",,
partition,c5407e4021a7,MW,"W=QUORUM,R=QUORUM",1,FAILED,write2,"Unavailable: Error from server: code=1000 [Unavailable exception] message=""Cannot achieve consistency level QUORUM"" info={'consistency': 'QUORUM', 'required_replicas': 2, 'alive_replicas': 1}",,
partition,c5407e4021a7,MW,"W=QUORUM,R=QUORUM",2,FAILED,write2,"Unavailable: Error from server: code=1000 [Unavailable exception] message=""Cannot achieve consistency level QUORUM"" info={'consistency': 'QUORUM', 'required_replicas': 2, 'alive_replicas': 1}",,
partition,c5407e4021a7,MW,"W=QUORUM,R=QUORUM",3,FAILED,write2,"Unavailable: Error from server: code=1000 [Unavailable exception] message=""Cannot achieve consistency level QUORUM"" info={'consistency': 'QUORUM', 'required_replicas': 2, 'alive_replicas': 1}",,
partition,c5407e4021a7,MW,"W=QUORUM,R=QUORUM",4,FAILED,write2,"Unavailable: Error from server: code=1000 [Unavailable exception] message=""Cannot achieve consistency level QUORUM"" info={'consistency': 'QUORUM', 'required_replicas': 2, 'alive_replicas': 1}",,
partition,c5407e4021a7,MW,"W=QUORUM,R=QUORUM",5,FAILED,write2,"Unavailable: Error from server: code=1000 [Unavailable exception] message=""Cannot achieve consistency level QUORUM"" info={'consistency': 'QUORUM', 'required_replicas': 2, 'alive_replicas': 1}",,
partition,c5407e4021a7,MW,"W=QUORUM,R=QUORUM",6,FAILED,write2,"Unavailable: Error from server: code=1000 [Unavailable exception] message=""Cannot achieve consistency level QUORUM"" info={'consistency': 'QUORUM', 'required_replicas': 2, 'alive_replicas': 1}",,
partition,c5407e4021a7,MW,"W=QUORUM,R=QUORUM",7,FAILED,write2,"Unavailable: Error from server: code=1000 [Unavailable exception] message=""Cannot achieve consistency level QUORUM"" info={'consistency': 'QUORUM', 'required_replicas': 2, 'alive_replicas': 1}",,
partition,c5407e4021a7,MW,"W=QUORUM,R=QUORUM",8,FAILED,write2,"Unavailable: Error from server: code=1000 [Unavailable exception] message=""Cannot achieve consistency level QUORUM"" info={'consistency': 'QUORUM', 'required_replicas': 2, 'alive_replicas': 1}",,
partition,c5407e4021a7,MW,"W=QUORUM,R=QUORUM",9,FAILED,write2,"Unavailable: Error from server: code=1000 [Unavailable exception] message=""Cannot achieve consistency level QUORUM"" info={'consistency': 'QUORUM', 'required_replicas': 2, 'alive_replicas': 1}",,
partition,c5407e4021a7,MW,"W=QUORUM,R=QUORUM",10,FAILED,write2,"Unavailable: Error from server: code=1000 [Unavailable exception] message=""Cannot achieve consistency level QUORUM"" info={'consistency': 'QUORUM', 'required_replicas': 2, 'alive_replicas': 1}",,
partition,c5407e4021a7,MW,"W=QUORUM,R=QUORUM",11,FAILED,write2,"Unavailable: Error from server: code=1000 [Unavailable exception] message=""Cannot achieve consistency level QUORUM"" info={'consistency': 'QUORUM', 'required_replicas': 2, 'alive_replicas': 1}",,
partition,c5407e4021a7,MW,"W=QUORUM,R=QUORUM",12,FAILED,write2,"Unavailable: Error from server: code=1000 [Unavailable exception] message=""Cannot achieve consistency level QUORUM"" info={'consistency': 'QUORUM', 'required_replicas': 2, 'alive_replicas': 1}",,
partition,c5407e4021a7,MW,"W=QUORUM,R=QUORUM",13,FAILED,write2,"Unavailable: Error from server: code=1000 [Unavailable exception] message=""Cannot achieve consistency level QUORUM"" info={'consistency': 'QUORUM', 'required_replicas': 2, 'alive_replicas': 1}",,
partition,c5407e4021a7,MW,"W=QUORUM,R=QUORUM",14,FAILED,write2,"Unavailable: Error from server: code=1000 [Unavailable exception] message=""Cannot achieve consistency level QUORUM"" info={'consistency': 'QUORUM', 'required_replicas': 2, 'alive_replicas': 1}",,
partition,c5407e4021a7,MW,"W=QUORUM,R=QUORUM",15,FAILED,write2,"Unavailable: Error from server: code=1000 [Unavailable exception] message=""Cannot achieve consistency level QUORUM"" info={'consistency': 'QUORUM', 'required_replicas': 2, 'alive_replicas': 1}",,
partition,c5407e4021a7,MW,"W=QUORUM,R=QUORUM",16,FAILED,write2,"Unavailable: Error from server: code=1000 [Unavailable exception] message=""Cannot achieve consistency level QUORUM"" info={'consistency': 'QUORUM', 'required_replicas': 2, 'alive_replicas': 1}",,
partition,c5407e4021a7,MW,"W=QUORUM,R=QUORUM",17,FAILED,write2,"Unavailable: Error from server: code=1000 [Unavailable exception] message=""Cannot achieve consistency level QUORUM"" info={'consistency': 'QUORUM', 'required_replicas': 2, 'alive_replicas': 1}",,
partition,c5407e4021a7,MW,"W=QUORUM,R=QUORUM",18,FAILED,write2,"Unavailable: Error from server: code=1000 [Unavailable exception] message=""Cannot achieve consistency level QUORUM"" info={'consistency': 'QUORUM', 'required_replicas': 2, 'alive_replicas': 1}",,
partition,c5407e4021a7,MW,"W=QUORUM,R=QUORUM",19,FAILED,write2,"Unavailable: Error from server: code=1000 [Unavailable exception] message=""Cannot achieve consistency level QUORUM"" info={'consistency': 'QUORUM', 'required_replicas': 2, 'alive_replicas': 1}",,
partition,c5407e4021a7,MW,"W=QUORUM,R=QUORUM",20,FAILED,write2,"Unavailable: Error from server: code=1000 [Unavailable exception] message=""Cannot achieve consistency level QUORUM"" info={'consistency': 'QUORUM', 'required_replicas': 2, 'alive_replicas': 1}",,
partition,c5407e4021a7,MW,"W=QUORUM,R=QUORUM",21,FAILED,write2,"Unavailable: Error from server: code=1000 [Unavailable exception] message=""Cannot achieve consistency level QUORUM"" info={'consistency': 'QUORUM', 'required_replicas': 2, 'alive_replicas': 1}",,
partition,c5407e4021a7,MW,"W=QUORUM,R=QUORUM",22,FAILED,write2,"Unavailable: Error from server: code=1000 [Unavailable exception] message=""Cannot achieve consistency level QUORUM"" info={'consistency': 'QUORUM', 'required_replicas': 2, 'alive_replicas': 1}",,
partition,c5407e4021a7,MW,"W=QUORUM,R=QUORUM",23,FAILED,write2,"Unavailable: Error from server: code=1000 [Unavailable exception] message=""Cannot achieve consistency level QUORUM"" info={'consistency': 'QUORUM', 'required_replicas': 2, 'alive_replicas': 1}",,
partition,c5407e4021a7,MW,"W=QUORUM,R=QUORUM",24,FAILED,write2,"Unavailable: Error from server: code=1000 [Unavailable exception] message=""Cannot achieve consistency level QUORUM"" info={'consistency': 'QUORUM', 'required_replicas': 2, 'alive_replicas': 1}",,
partition,c5407e4021a7,MW,"W=QUORUM,R=QUORUM",25,FAILED,write2,"Unavailable: Error from server: code=1000 [Unavailable exception] message=""Cannot achieve consistency level QUORUM"" info={'consistency': 'QUORUM', 'required_replicas': 2, 'alive_replicas': 1}",,
partition,c5407e4021a7,MW,"W=QUORUM,R=QUORUM",26,FAILED,write2,"Unavailable: Error from server: code=1000 [Unavailable exception] message=""Cannot achieve consistency level QUORUM"" info={'consistency': 'QUORUM', 'required_replicas': 2, 'alive_replicas': 1}",,
partition,c5407e4021a7,MW,"W=QUORUM,R=QUORUM",27,FAILED,write2,"Unavailable: Error from server: code=1000 [Unavailable exception] message=""Cannot achieve consistency level QUORUM"" info={'consistency': 'QUORUM', 'required_replicas': 2, 'alive_replicas': 1}",,
partition,c5407e4021a7,MW,"W=QUORUM,R=QUORUM",28,FAILED,write2,"Unavailable: Error from server: code=1000 [Unavailable exception] message=""Cannot achieve consistency level QUORUM"" info={'consistency': 'QUORUM', 'required_replicas': 2, 'alive_replicas': 1}",,
partition,c5407e4021a7,MW,"W=QUORUM,R=QUORUM",29,FAILED,write2,"Unavailable: Error from server: code=1000 [Unavailable exception] message=""Cannot achieve consistency level QUORUM"" info={'consistency': 'QUORUM', 'required_replicas': 2, 'alive_replicas': 1}",,
partition,c5407e4021a7,WFR,"W=QUORUM,R=QUORUM",0,FAILED,effect-write,"Unavailable: Error from server: code=1000 [Unavailable exception] message=""Cannot achieve consistency level QUORUM"" info={'consistency': 'QUORUM', 'required_replicas': 2, 'alive_replicas': 1}",1,
partition,c5407e4021a7,WFR,"W=QUORUM,R=QUORUM",1,FAILED,effect-write,"Unavailable: Error from server: code=1000 [Unavailable exception] message=""Cannot achieve consistency level QUORUM"" info={'consistency': 'QUORUM', 'required_replicas': 2, 'alive_replicas': 1}",1,
partition,c5407e4021a7,WFR,"W=QUORUM,R=QUORUM",2,FAILED,effect-write,"Unavailable: Error from server: code=1000 [Unavailable exception] message=""Cannot achieve consistency level QUORUM"" info={'consistency': 'QUORUM', 'required_replicas': 2, 'alive_replicas': 1}",1,
partition,c5407e4021a7,WFR,"W=QUORUM,R=QUORUM",3,FAILED,effect-write,"Unavailable: Error from server: code=1000 [Unavailable exception] message=""Cannot achieve consistency level QUORUM"" info={'consistency': 'QUORUM', 'required_replicas': 2, 'alive_replicas': 1}",1,
partition,c5407e4021a7,WFR,"W=QUORUM,R=QUORUM",4,FAILED,effect-write,"Unavailable: Error from server: code=1000 [Unavailable exception] message=""Cannot achieve consistency level QUORUM"" info={'consistency': 'QUORUM', 'required_replicas': 2, 'alive_replicas': 1}",1,
partition,c5407e4021a7,WFR,"W=QUORUM,R=QUORUM",5,FAILED,effect-write,"Unavailable: Error from server: code=1000 [Unavailable exception] message=""Cannot achieve consistency level QUORUM"" info={'consistency': 'QUORUM', 'required_replicas': 2, 'alive_replicas': 1}",1,
partition,c5407e4021a7,WFR,"W=QUORUM,R=QUORUM",6,FAILED,effect-write,"Unavailable: Error from server: code=1000 [Unavailable exception] message=""Cannot achieve consistency level QUORUM"" info={'consistency': 'QUORUM', 'required_replicas': 2, 'alive_replicas': 1}",1,
partition,c5407e4021a7,WFR,"W=QUORUM,R=QUORUM",7,FAILED,effect-write,"Unavailable: Error from server: code=1000 [Unavailable exception] message=""Cannot achieve consistency level QUORUM"" info={'consistency': 'QUORUM', 'required_replicas': 2, 'alive_replicas': 1}",1,
partition,c5407e4021a7,WFR,"W=QUORUM,R=QUORUM",8,FAILED,effect-write,"Unavailable: Error from server: code=1000 [Unavailable exception] message=""Cannot achieve consistency level QUORUM"" info={'consistency': 'QUORUM', 'required_replicas': 2, 'alive_replicas': 1}",1,
partition,c5407e4021a7,WFR,"W=QUORUM,R=QUORUM",9,FAILED,effect-write,"Unavailable: Error from server: code=1000 [Unavailable exception] message=""Cannot achieve consistency level QUORUM"" info={'consistency': 'QUORUM', 'required_replicas': 2, 'alive_replicas': 1}",1,
partition,c5407e4021a7,WFR,"W=QUORUM,R=QUORUM",10,FAILED,effect-write,"Unavailable: Error from server: code=1000 [Unavailable exception] message=""Cannot achieve consistency level QUORUM"" info={'consistency': 'QUORUM', 'required_replicas': 2, 'alive_replicas': 1}",1,
partition,c5407e4021a7,WFR,"W=QUORUM,R=QUORUM",11,FAILED,effect-write,"Unavailable: Error from server: code=1000 [Unavailable exception] message=""Cannot achieve consistency level QUORUM"" info={'consistency': 'QUORUM', 'required_replicas': 2, 'alive_replicas': 1}",1,
partition,c5407e4021a7,WFR,"W=QUORUM,R=QUORUM",12,FAILED,effect-write,"Unavailable: Error from server: code=1000 [Unavailable exception] message=""Cannot achieve consistency level QUORUM"" info={'consistency': 'QUORUM', 'required_replicas': 2, 'alive_replicas': 1}",1,
partition,c5407e4021a7,WFR,"W=QUORUM,R=QUORUM",13,FAILED,effect-write,"Unavailable: Error from server: code=1000 [Unavailable exception] message=""Cannot achieve consistency level QUORUM"" info={'consistency': 'QUORUM', 'required_replicas': 2, 'alive_replicas': 1}",1,
partition,c5407e4021a7,WFR,"W=QUORUM,R=QUORUM",14,FAILED,effect-write,"Unavailable: Error from server: code=1000 [Unavailable exception] message=""Cannot achieve consistency level QUORUM"" info={'consistency': 'QUORUM', 'required_replicas': 2, 'alive_replicas': 1}",1,
partition,c5407e4021a7,WFR,"W=QUORUM,R=QUORUM",15,FAILED,effect-write,"Unavailable: Error from server: code=1000 [Unavailable exception] message=""Cannot achieve consistency level QUORUM"" info={'consistency': 'QUORUM', 'required_replicas': 2, 'alive_replicas': 1}",1,
partition,c5407e4021a7,WFR,"W=QUORUM,R=QUORUM",16,FAILED,effect-write,"Unavailable: Error from server: code=1000 [Unavailable exception] message=""Cannot achieve consistency level QUORUM"" info={'consistency': 'QUORUM', 'required_replicas': 2, 'alive_replicas': 1}",1,
partition,c5407e4021a7,WFR,"W=QUORUM,R=QUORUM",17,FAILED,effect-write,"Unavailable: Error from server: code=1000 [Unavailable exception] message=""Cannot achieve consistency level QUORUM"" info={'consistency': 'QUORUM', 'required_replicas': 2, 'alive_replicas': 1}",1,
partition,c5407e4021a7,WFR,"W=QUORUM,R=QUORUM",18,FAILED,effect-write,"Unavailable: Error from server: code=1000 [Unavailable exception] message=""Cannot achieve consistency level QUORUM"" info={'consistency': 'QUORUM', 'required_replicas': 2, 'alive_replicas': 1}",1,
partition,c5407e4021a7,WFR,"W=QUORUM,R=QUORUM",19,FAILED,effect-write,"Unavailable: Error from server: code=1000 [Unavailable exception] message=""Cannot achieve consistency level QUORUM"" info={'consistency': 'QUORUM', 'required_replicas': 2, 'alive_replicas': 1}",1,
partition,c5407e4021a7,WFR,"W=QUORUM,R=QUORUM",20,FAILED,effect-write,"Unavailable: Error from server: code=1000 [Unavailable exception] message=""Cannot achieve consistency level QUORUM"" info={'consistency': 'QUORUM', 'required_replicas': 2, 'alive_replicas': 1}",1,
partition,c5407e4021a7,WFR,"W=QUORUM,R=QUORUM",21,FAILED,effect-write,"Unavailable: Error from server: code=1000 [Unavailable exception] message=""Cannot achieve consistency level QUORUM"" info={'consistency': 'QUORUM', 'required_replicas': 2, 'alive_replicas': 1}",1,
partition,c5407e4021a7,WFR,"W=QUORUM,R=QUORUM",22,FAILED,effect-write,"Unavailable: Error from server: code=1000 [Unavailable exception] message=""Cannot achieve consistency level QUORUM"" info={'consistency': 'QUORUM', 'required_replicas': 2, 'alive_replicas': 1}",1,
partition,c5407e4021a7,WFR,"W=QUORUM,R=QUORUM",23,FAILED,effect-write,"Unavailable: Error from server: code=1000 [Unavailable exception] message=""Cannot achieve consistency level QUORUM"" info={'consistency': 'QUORUM', 'required_replicas': 2, 'alive_replicas': 1}",1,
partition,c5407e4021a7,WFR,"W=QUORUM,R=QUORUM",24,FAILED,effect-write,"Unavailable: Error from server: code=1000 [Unavailable exception] message=""Cannot achieve consistency level QUORUM"" info={'consistency': 'QUORUM', 'required_replicas': 2, 'alive_replicas': 1}",1,
partition,c5407e4021a7,WFR,"W=QUORUM,R=QUORUM",25,FAILED,effect-write,"Unavailable: Error from server: code=1000 [Unavailable exception] message=""Cannot achieve consistency level QUORUM"" info={'consistency': 'QUORUM', 'required_replicas': 2, 'alive_replicas': 1}",1,
partition,c5407e4021a7,WFR,"W=QUORUM,R=QUORUM",26,FAILED,effect-write,"Unavailable: Error from server: code=1000 [Unavailable exception] message=""Cannot achieve consistency level QUORUM"" info={'consistency': 'QUORUM', 'required_replicas': 2, 'alive_replicas': 1}",1,
partition,c5407e4021a7,WFR,"W=QUORUM,R=QUORUM",27,FAILED,effect-write,"Unavailable: Error from server: code=1000 [Unavailable exception] message=""Cannot achieve consistency level QUORUM"" info={'consistency': 'QUORUM', 'required_replicas': 2, 'alive_replicas': 1}",1,
partition,c5407e4021a7,WFR,"W=QUORUM,R=QUORUM",28,FAILED,effect-write,"Unavailable: Error from server: code=1000 [Unavailable exception] message=""Cannot achieve consistency level QUORUM"" info={'consistency': 'QUORUM', 'required_replicas': 2, 'alive_replicas': 1}",1,
partition,c5407e4021a7,WFR,"W=QUORUM,R=QUORUM",29,FAILED,effect-write,"Unavailable: Error from server: code=1000 [Unavailable exception] message=""Cannot achieve consistency level QUORUM"" info={'consistency': 'QUORUM', 'required_replicas': 2, 'alive_replicas': 1}",1,
partition,c5407e4021a7,RYW,"W=ALL,R=ONE",0,FAILED,write,"Unavailable: Error from server: code=1000 [Unavailable exception] message=""Cannot achieve consistency level ALL"" info={'consistency': 'ALL', 'required_replicas': 3, 'alive_replicas': 2}",,
partition,c5407e4021a7,RYW,"W=ALL,R=ONE",1,FAILED,write,"Unavailable: Error from server: code=1000 [Unavailable exception] message=""Cannot achieve consistency level ALL"" info={'consistency': 'ALL', 'required_replicas': 3, 'alive_replicas': 2}",,
partition,c5407e4021a7,RYW,"W=ALL,R=ONE",2,FAILED,write,"Unavailable: Error from server: code=1000 [Unavailable exception] message=""Cannot achieve consistency level ALL"" info={'consistency': 'ALL', 'required_replicas': 3, 'alive_replicas': 2}",,
partition,c5407e4021a7,RYW,"W=ALL,R=ONE",3,FAILED,write,"Unavailable: Error from server: code=1000 [Unavailable exception] message=""Cannot achieve consistency level ALL"" info={'consistency': 'ALL', 'required_replicas': 3, 'alive_replicas': 2}",,
partition,c5407e4021a7,RYW,"W=ALL,R=ONE",4,FAILED,write,"Unavailable: Error from server: code=1000 [Unavailable exception] message=""Cannot achieve consistency level ALL"" info={'consistency': 'ALL', 'required_replicas': 3, 'alive_replicas': 2}",,
partition,c5407e4021a7,RYW,"W=ALL,R=ONE",5,FAILED,write,"Unavailable: Error from server: code=1000 [Unavailable exception] message=""Cannot achieve consistency level ALL"" info={'consistency': 'ALL', 'required_replicas': 3, 'alive_replicas': 2}",,
partition,c5407e4021a7,RYW,"W=ALL,R=ONE",6,FAILED,write,"Unavailable: Error from server: code=1000 [Unavailable exception] message=""Cannot achieve consistency level ALL"" info={'consistency': 'ALL', 'required_replicas': 3, 'alive_replicas': 2}",,
partition,c5407e4021a7,RYW,"W=ALL,R=ONE",7,FAILED,write,"Unavailable: Error from server: code=1000 [Unavailable exception] message=""Cannot achieve consistency level ALL"" info={'consistency': 'ALL', 'required_replicas': 3, 'alive_replicas': 2}",,
partition,c5407e4021a7,RYW,"W=ALL,R=ONE",8,FAILED,write,"Unavailable: Error from server: code=1000 [Unavailable exception] message=""Cannot achieve consistency level ALL"" info={'consistency': 'ALL', 'required_replicas': 3, 'alive_replicas': 2}",,
partition,c5407e4021a7,RYW,"W=ALL,R=ONE",9,FAILED,write,"Unavailable: Error from server: code=1000 [Unavailable exception] message=""Cannot achieve consistency level ALL"" info={'consistency': 'ALL', 'required_replicas': 3, 'alive_replicas': 2}",,
partition,c5407e4021a7,RYW,"W=ALL,R=ONE",10,FAILED,write,"Unavailable: Error from server: code=1000 [Unavailable exception] message=""Cannot achieve consistency level ALL"" info={'consistency': 'ALL', 'required_replicas': 3, 'alive_replicas': 2}",,
partition,c5407e4021a7,RYW,"W=ALL,R=ONE",11,FAILED,write,"Unavailable: Error from server: code=1000 [Unavailable exception] message=""Cannot achieve consistency level ALL"" info={'consistency': 'ALL', 'required_replicas': 3, 'alive_replicas': 2}",,
partition,c5407e4021a7,RYW,"W=ALL,R=ONE",12,FAILED,write,"Unavailable: Error from server: code=1000 [Unavailable exception] message=""Cannot achieve consistency level ALL"" info={'consistency': 'ALL', 'required_replicas': 3, 'alive_replicas': 2}",,
partition,c5407e4021a7,RYW,"W=ALL,R=ONE",13,FAILED,write,"Unavailable: Error from server: code=1000 [Unavailable exception] message=""Cannot achieve consistency level ALL"" info={'consistency': 'ALL', 'required_replicas': 3, 'alive_replicas': 2}",,
partition,c5407e4021a7,RYW,"W=ALL,R=ONE",14,FAILED,write,"Unavailable: Error from server: code=1000 [Unavailable exception] message=""Cannot achieve consistency level ALL"" info={'consistency': 'ALL', 'required_replicas': 3, 'alive_replicas': 2}",,
partition,c5407e4021a7,RYW,"W=ALL,R=ONE",15,FAILED,write,"Unavailable: Error from server: code=1000 [Unavailable exception] message=""Cannot achieve consistency level ALL"" info={'consistency': 'ALL', 'required_replicas': 3, 'alive_replicas': 2}",,
partition,c5407e4021a7,RYW,"W=ALL,R=ONE",16,FAILED,write,"Unavailable: Error from server: code=1000 [Unavailable exception] message=""Cannot achieve consistency level ALL"" info={'consistency': 'ALL', 'required_replicas': 3, 'alive_replicas': 2}",,
partition,c5407e4021a7,RYW,"W=ALL,R=ONE",17,FAILED,write,"Unavailable: Error from server: code=1000 [Unavailable exception] message=""Cannot achieve consistency level ALL"" info={'consistency': 'ALL', 'required_replicas': 3, 'alive_replicas': 2}",,
partition,c5407e4021a7,RYW,"W=ALL,R=ONE",18,FAILED,write,"Unavailable: Error from server: code=1000 [Unavailable exception] message=""Cannot achieve consistency level ALL"" info={'consistency': 'ALL', 'required_replicas': 3, 'alive_replicas': 2}",,
partition,c5407e4021a7,RYW,"W=ALL,R=ONE",19,FAILED,write,"Unavailable: Error from server: code=1000 [Unavailable exception] message=""Cannot achieve consistency level ALL"" info={'consistency': 'ALL', 'required_replicas': 3, 'alive_replicas': 2}",,
partition,c5407e4021a7,RYW,"W=ALL,R=ONE",20,FAILED,write,"Unavailable: Error from server: code=1000 [Unavailable exception] message=""Cannot achieve consistency level ALL"" info={'consistency': 'ALL', 'required_replicas': 3, 'alive_replicas': 2}",,
partition,c5407e4021a7,RYW,"W=ALL,R=ONE",21,FAILED,write,"Unavailable: Error from server: code=1000 [Unavailable exception] message=""Cannot achieve consistency level ALL"" info={'consistency': 'ALL', 'required_replicas': 3, 'alive_replicas': 2}",,
partition,c5407e4021a7,RYW,"W=ALL,R=ONE",22,FAILED,write,"Unavailable: Error from server: code=1000 [Unavailable exception] message=""Cannot achieve consistency level ALL"" info={'consistency': 'ALL', 'required_replicas': 3, 'alive_replicas': 2}",,
partition,c5407e4021a7,RYW,"W=ALL,R=ONE",23,FAILED,write,"Unavailable: Error from server: code=1000 [Unavailable exception] message=""Cannot achieve consistency level ALL"" info={'consistency': 'ALL', 'required_replicas': 3, 'alive_replicas': 2}",,
partition,c5407e4021a7,RYW,"W=ALL,R=ONE",24,FAILED,write,"Unavailable: Error from server: code=1000 [Unavailable exception] message=""Cannot achieve consistency level ALL"" info={'consistency': 'ALL', 'required_replicas': 3, 'alive_replicas': 2}",,
partition,c5407e4021a7,RYW,"W=ALL,R=ONE",25,FAILED,write,"Unavailable: Error from server: code=1000 [Unavailable exception] message=""Cannot achieve consistency level ALL"" info={'consistency': 'ALL', 'required_replicas': 3, 'alive_replicas': 2}",,
partition,c5407e4021a7,RYW,"W=ALL,R=ONE",26,FAILED,write,"Unavailable: Error from server: code=1000 [Unavailable exception] message=""Cannot achieve consistency level ALL"" info={'consistency': 'ALL', 'required_replicas': 3, 'alive_replicas': 2}",,
partition,c5407e4021a7,RYW,"W=ALL,R=ONE",27,FAILED,write,"Unavailable: Error from server: code=1000 [Unavailable exception] message=""Cannot achieve consistency level ALL"" info={'consistency': 'ALL', 'required_replicas': 3, 'alive_replicas': 2}",,
partition,c5407e4021a7,RYW,"W=ALL,R=ONE",28,FAILED,write,"Unavailable: Error from server: code=1000 [Unavailable exception] message=""Cannot achieve consistency level ALL"" info={'consistency': 'ALL', 'required_replicas': 3, 'alive_replicas': 2}",,
partition,c5407e4021a7,RYW,"W=ALL,R=ONE",29,FAILED,write,"Unavailable: Error from server: code=1000 [Unavailable exception] message=""Cannot achieve consistency level ALL"" info={'consistency': 'ALL', 'required_replicas': 3, 'alive_replicas': 2}",,
partition,c5407e4021a7,MR,"W=ALL,R=ONE",0,FAILED,write,"Unavailable: Error from server: code=1000 [Unavailable exception] message=""Cannot achieve consistency level ALL"" info={'consistency': 'ALL', 'required_replicas': 3, 'alive_replicas': 2}",,
partition,c5407e4021a7,MR,"W=ALL,R=ONE",1,FAILED,write,"Unavailable: Error from server: code=1000 [Unavailable exception] message=""Cannot achieve consistency level ALL"" info={'consistency': 'ALL', 'required_replicas': 3, 'alive_replicas': 2}",,
partition,c5407e4021a7,MR,"W=ALL,R=ONE",2,FAILED,write,"Unavailable: Error from server: code=1000 [Unavailable exception] message=""Cannot achieve consistency level ALL"" info={'consistency': 'ALL', 'required_replicas': 3, 'alive_replicas': 2}",,
partition,c5407e4021a7,MR,"W=ALL,R=ONE",3,FAILED,write,"Unavailable: Error from server: code=1000 [Unavailable exception] message=""Cannot achieve consistency level ALL"" info={'consistency': 'ALL', 'required_replicas': 3, 'alive_replicas': 2}",,
partition,c5407e4021a7,MR,"W=ALL,R=ONE",4,FAILED,write,"Unavailable: Error from server: code=1000 [Unavailable exception] message=""Cannot achieve consistency level ALL"" info={'consistency': 'ALL', 'required_replicas': 3, 'alive_replicas': 2}",,
partition,c5407e4021a7,MR,"W=ALL,R=ONE",5,FAILED,write,"Unavailable: Error from server: code=1000 [Unavailable exception] message=""Cannot achieve consistency level ALL"" info={'consistency': 'ALL', 'required_replicas': 3, 'alive_replicas': 2}",,
partition,c5407e4021a7,MR,"W=ALL,R=ONE",6,FAILED,write,"Unavailable: Error from server: code=1000 [Unavailable exception] message=""Cannot achieve consistency level ALL"" info={'consistency': 'ALL', 'required_replicas': 3, 'alive_replicas': 2}",,
partition,c5407e4021a7,MR,"W=ALL,R=ONE",7,FAILED,write,"Unavailable: Error from server: code=1000 [Unavailable exception] message=""Cannot achieve consistency level ALL"" info={'consistency': 'ALL', 'required_replicas': 3, 'alive_replicas': 2}",,
partition,c5407e4021a7,MR,"W=ALL,R=ONE",8,FAILED,write,"Unavailable: Error from server: code=1000 [Unavailable exception] message=""Cannot achieve consistency level ALL"" info={'consistency': 'ALL', 'required_replicas': 3, 'alive_replicas': 2}",,
partition,c5407e4021a7,MR,"W=ALL,R=ONE",9,FAILED,write,"Unavailable: Error from server: code=1000 [Unavailable exception] message=""Cannot achieve consistency level ALL"" info={'consistency': 'ALL', 'required_replicas': 3, 'alive_replicas': 2}",,
partition,c5407e4021a7,MR,"W=ALL,R=ONE",10,FAILED,write,"Unavailable: Error from server: code=1000 [Unavailable exception] message=""Cannot achieve consistency level ALL"" info={'consistency': 'ALL', 'required_replicas': 3, 'alive_replicas': 2}",,
partition,c5407e4021a7,MR,"W=ALL,R=ONE",11,FAILED,write,"Unavailable: Error from server: code=1000 [Unavailable exception] message=""Cannot achieve consistency level ALL"" info={'consistency': 'ALL', 'required_replicas': 3, 'alive_replicas': 2}",,
partition,c5407e4021a7,MR,"W=ALL,R=ONE",12,FAILED,write,"Unavailable: Error from server: code=1000 [Unavailable exception] message=""Cannot achieve consistency level ALL"" info={'consistency': 'ALL', 'required_replicas': 3, 'alive_replicas': 2}",,
partition,c5407e4021a7,MR,"W=ALL,R=ONE",13,FAILED,write,"Unavailable: Error from server: code=1000 [Unavailable exception] message=""Cannot achieve consistency level ALL"" info={'consistency': 'ALL', 'required_replicas': 3, 'alive_replicas': 2}",,
partition,c5407e4021a7,MR,"W=ALL,R=ONE",14,FAILED,write,"Unavailable: Error from server: code=1000 [Unavailable exception] message=""Cannot achieve consistency level ALL"" info={'consistency': 'ALL', 'required_replicas': 3, 'alive_replicas': 2}",,
partition,c5407e4021a7,MR,"W=ALL,R=ONE",15,FAILED,write,"Unavailable: Error from server: code=1000 [Unavailable exception] message=""Cannot achieve consistency level ALL"" info={'consistency': 'ALL', 'required_replicas': 3, 'alive_replicas': 2}",,
partition,c5407e4021a7,MR,"W=ALL,R=ONE",16,FAILED,write,"Unavailable: Error from server: code=1000 [Unavailable exception] message=""Cannot achieve consistency level ALL"" info={'consistency': 'ALL', 'required_replicas': 3, 'alive_replicas': 2}",,
partition,c5407e4021a7,MR,"W=ALL,R=ONE",17,FAILED,write,"Unavailable: Error from server: code=1000 [Unavailable exception] message=""Cannot achieve consistency level ALL"" info={'consistency': 'ALL', 'required_replicas': 3, 'alive_replicas': 2}",,
partition,c5407e4021a7,MR,"W=ALL,R=ONE",18,FAILED,write,"Unavailable: Error from server: code=1000 [Unavailable exception] message=""Cannot achieve consistency level ALL"" info={'consistency': 'ALL', 'required_replicas': 3, 'alive_replicas': 2}",,
partition,c5407e4021a7,MR,"W=ALL,R=ONE",19,FAILED,write,"Unavailable: Error from server: code=1000 [Unavailable exception] message=""Cannot achieve consistency level ALL"" info={'consistency': 'ALL', 'required_replicas': 3, 'alive_replicas': 2}",,
partition,c5407e4021a7,MR,"W=ALL,R=ONE",20,FAILED,write,"Unavailable: Error from server: code=1000 [Unavailable exception] message=""Cannot achieve consistency level ALL"" info={'consistency': 'ALL', 'required_replicas': 3, 'alive_replicas': 2}",,
partition,c5407e4021a7,MR,"W=ALL,R=ONE",21,FAILED,write,"Unavailable: Error from server: code=1000 [Unavailable exception] message=""Cannot achieve consistency level ALL"" info={'consistency': 'ALL', 'required_replicas': 3, 'alive_replicas': 2}",,
partition,c5407e4021a7,MR,"W=ALL,R=ONE",22,FAILED,write,"Unavailable: Error from server: code=1000 [Unavailable exception] message=""Cannot achieve consistency level ALL"" info={'consistency': 'ALL', 'required_replicas': 3, 'alive_replicas': 2}",,
partition,c5407e4021a7,MR,"W=ALL,R=ONE",23,FAILED,write,"Unavailable: Error from server: code=1000 [Unavailable exception] message=""Cannot achieve consistency level ALL"" info={'consistency': 'ALL', 'required_replicas': 3, 'alive_replicas': 2}",,
partition,c5407e4021a7,MR,"W=ALL,R=ONE",24,FAILED,write,"Unavailable: Error from server: code=1000 [Unavailable exception] message=""Cannot achieve consistency level ALL"" info={'consistency': 'ALL', 'required_replicas': 3, 'alive_replicas': 2}",,
partition,c5407e4021a7,MR,"W=ALL,R=ONE",25,FAILED,write,"Unavailable: Error from server: code=1000 [Unavailable exception] message=""Cannot achieve consistency level ALL"" info={'consistency': 'ALL', 'required_replicas': 3, 'alive_replicas': 2}",,
partition,c5407e4021a7,MR,"W=ALL,R=ONE",26,FAILED,write,"Unavailable: Error from server: code=1000 [Unavailable exception] message=""Cannot achieve consistency level ALL"" info={'consistency': 'ALL', 'required_replicas': 3, 'alive_replicas': 2}",,
partition,c5407e4021a7,MR,"W=ALL,R=ONE",27,FAILED,write,"Unavailable: Error from server: code=1000 [Unavailable exception] message=""Cannot achieve consistency level ALL"" info={'consistency': 'ALL', 'required_replicas': 3, 'alive_replicas': 2}",,
partition,c5407e4021a7,MR,"W=ALL,R=ONE",28,FAILED,write,"Unavailable: Error from server: code=1000 [Unavailable exception] message=""Cannot achieve consistency level ALL"" info={'consistency': 'ALL', 'required_replicas': 3, 'alive_replicas': 2}",,
partition,c5407e4021a7,MR,"W=ALL,R=ONE",29,FAILED,write,"Unavailable: Error from server: code=1000 [Unavailable exception] message=""Cannot achieve consistency level ALL"" info={'consistency': 'ALL', 'required_replicas': 3, 'alive_replicas': 2}",,
partition,c5407e4021a7,MW,"W=ALL,R=ONE",0,FAILED,write1,"Unavailable: Error from server: code=1000 [Unavailable exception] message=""Cannot achieve consistency level ALL"" info={'consistency': 'ALL', 'required_replicas': 3, 'alive_replicas': 2}",,
partition,c5407e4021a7,MW,"W=ALL,R=ONE",1,FAILED,write1,"Unavailable: Error from server: code=1000 [Unavailable exception] message=""Cannot achieve consistency level ALL"" info={'consistency': 'ALL', 'required_replicas': 3, 'alive_replicas': 2}",,
partition,c5407e4021a7,MW,"W=ALL,R=ONE",2,FAILED,write1,"Unavailable: Error from server: code=1000 [Unavailable exception] message=""Cannot achieve consistency level ALL"" info={'consistency': 'ALL', 'required_replicas': 3, 'alive_replicas': 2}",,
partition,c5407e4021a7,MW,"W=ALL,R=ONE",3,FAILED,write1,"Unavailable: Error from server: code=1000 [Unavailable exception] message=""Cannot achieve consistency level ALL"" info={'consistency': 'ALL', 'required_replicas': 3, 'alive_replicas': 2}",,
partition,c5407e4021a7,MW,"W=ALL,R=ONE",4,FAILED,write1,"Unavailable: Error from server: code=1000 [Unavailable exception] message=""Cannot achieve consistency level ALL"" info={'consistency': 'ALL', 'required_replicas': 3, 'alive_replicas': 2}",,
partition,c5407e4021a7,MW,"W=ALL,R=ONE",5,FAILED,write1,"Unavailable: Error from server: code=1000 [Unavailable exception] message=""Cannot achieve consistency level ALL"" info={'consistency': 'ALL', 'required_replicas': 3, 'alive_replicas': 2}",,
partition,c5407e4021a7,MW,"W=ALL,R=ONE",6,FAILED,write1,"Unavailable: Error from server: code=1000 [Unavailable exception] message=""Cannot achieve consistency level ALL"" info={'consistency': 'ALL', 'required_replicas': 3, 'alive_replicas': 2}",,
partition,c5407e4021a7,MW,"W=ALL,R=ONE",7,FAILED,write1,"Unavailable: Error from server: code=1000 [Unavailable exception] message=""Cannot achieve consistency level ALL"" info={'consistency': 'ALL', 'required_replicas': 3, 'alive_replicas': 2}",,
partition,c5407e4021a7,MW,"W=ALL,R=ONE",8,FAILED,write1,"Unavailable: Error from server: code=1000 [Unavailable exception] message=""Cannot achieve consistency level ALL"" info={'consistency': 'ALL', 'required_replicas': 3, 'alive_replicas': 2}",,
partition,c5407e4021a7,MW,"W=ALL,R=ONE",9,FAILED,write1,"Unavailable: Error from server: code=1000 [Unavailable exception] message=""Cannot achieve consistency level ALL"" info={'consistency': 'ALL', 'required_replicas': 3, 'alive_replicas': 2}",,
partition,c5407e4021a7,MW,"W=ALL,R=ONE",10,FAILED,write1,"Unavailable: Error from server: code=1000 [Unavailable exception] message=""Cannot achieve consistency level ALL"" info={'consistency': 'ALL', 'required_replicas': 3, 'alive_replicas': 2}",,
partition,c5407e4021a7,MW,"W=ALL,R=ONE",11,FAILED,write1,"Unavailable: Error from server: code=1000 [Unavailable exception] message=""Cannot achieve consistency level ALL"" info={'consistency': 'ALL', 'required_replicas': 3, 'alive_replicas': 2}",,
partition,c5407e4021a7,MW,"W=ALL,R=ONE",12,FAILED,write1,"Unavailable: Error from server: code=1000 [Unavailable exception] message=""Cannot achieve consistency level ALL"" info={'consistency': 'ALL', 'required_replicas': 3, 'alive_replicas': 2}",,
partition,c5407e4021a7,MW,"W=ALL,R=ONE",13,FAILED,write1,"Unavailable: Error from server: code=1000 [Unavailable exception] message=""Cannot achieve consistency level ALL"" info={'consistency': 'ALL', 'required_replicas': 3, 'alive_replicas': 2}",,
partition,c5407e4021a7,MW,"W=ALL,R=ONE",14,FAILED,write1,"Unavailable: Error from server: code=1000 [Unavailable exception] message=""Cannot achieve consistency level ALL"" info={'consistency': 'ALL', 'required_replicas': 3, 'alive_replicas': 2}",,
partition,c5407e4021a7,MW,"W=ALL,R=ONE",15,FAILED,write1,"Unavailable: Error from server: code=1000 [Unavailable exception] message=""Cannot achieve consistency level ALL"" info={'consistency': 'ALL', 'required_replicas': 3, 'alive_replicas': 2}",,
partition,c5407e4021a7,MW,"W=ALL,R=ONE",16,FAILED,write1,"Unavailable: Error from server: code=1000 [Unavailable exception] message=""Cannot achieve consistency level ALL"" info={'consistency': 'ALL', 'required_replicas': 3, 'alive_replicas': 2}",,
partition,c5407e4021a7,MW,"W=ALL,R=ONE",17,FAILED,write1,"Unavailable: Error from server: code=1000 [Unavailable exception] message=""Cannot achieve consistency level ALL"" info={'consistency': 'ALL', 'required_replicas': 3, 'alive_replicas': 2}",,
partition,c5407e4021a7,MW,"W=ALL,R=ONE",18,FAILED,write1,"Unavailable: Error from server: code=1000 [Unavailable exception] message=""Cannot achieve consistency level ALL"" info={'consistency': 'ALL', 'required_replicas': 3, 'alive_replicas': 2}",,
partition,c5407e4021a7,MW,"W=ALL,R=ONE",19,FAILED,write1,"Unavailable: Error from server: code=1000 [Unavailable exception] message=""Cannot achieve consistency level ALL"" info={'consistency': 'ALL', 'required_replicas': 3, 'alive_replicas': 2}",,
partition,c5407e4021a7,MW,"W=ALL,R=ONE",20,FAILED,write1,"Unavailable: Error from server: code=1000 [Unavailable exception] message=""Cannot achieve consistency level ALL"" info={'consistency': 'ALL', 'required_replicas': 3, 'alive_replicas': 2}",,
partition,c5407e4021a7,MW,"W=ALL,R=ONE",21,FAILED,write1,"Unavailable: Error from server: code=1000 [Unavailable exception] message=""Cannot achieve consistency level ALL"" info={'consistency': 'ALL', 'required_replicas': 3, 'alive_replicas': 2}",,
partition,c5407e4021a7,MW,"W=ALL,R=ONE",22,FAILED,write1,"Unavailable: Error from server: code=1000 [Unavailable exception] message=""Cannot achieve consistency level ALL"" info={'consistency': 'ALL', 'required_replicas': 3, 'alive_replicas': 2}",,
partition,c5407e4021a7,MW,"W=ALL,R=ONE",23,FAILED,write1,"Unavailable: Error from server: code=1000 [Unavailable exception] message=""Cannot achieve consistency level ALL"" info={'consistency': 'ALL', 'required_replicas': 3, 'alive_replicas': 2}",,
partition,c5407e4021a7,MW,"W=ALL,R=ONE",24,FAILED,write1,"Unavailable: Error from server: code=1000 [Unavailable exception] message=""Cannot achieve consistency level ALL"" info={'consistency': 'ALL', 'required_replicas': 3, 'alive_replicas': 2}",,
partition,c5407e4021a7,MW,"W=ALL,R=ONE",25,FAILED,write1,"Unavailable: Error from server: code=1000 [Unavailable exception] message=""Cannot achieve consistency level ALL"" info={'consistency': 'ALL', 'required_replicas': 3, 'alive_replicas': 2}",,
partition,c5407e4021a7,MW,"W=ALL,R=ONE",26,FAILED,write1,"Unavailable: Error from server: code=1000 [Unavailable exception] message=""Cannot achieve consistency level ALL"" info={'consistency': 'ALL', 'required_replicas': 3, 'alive_replicas': 2}",,
partition,c5407e4021a7,MW,"W=ALL,R=ONE",27,FAILED,write1,"Unavailable: Error from server: code=1000 [Unavailable exception] message=""Cannot achieve consistency level ALL"" info={'consistency': 'ALL', 'required_replicas': 3, 'alive_replicas': 2}",,
partition,c5407e4021a7,MW,"W=ALL,R=ONE",28,FAILED,write1,"Unavailable: Error from server: code=1000 [Unavailable exception] message=""Cannot achieve consistency level ALL"" info={'consistency': 'ALL', 'required_replicas': 3, 'alive_replicas': 2}",,
partition,c5407e4021a7,MW,"W=ALL,R=ONE",29,FAILED,write1,"Unavailable: Error from server: code=1000 [Unavailable exception] message=""Cannot achieve consistency level ALL"" info={'consistency': 'ALL', 'required_replicas': 3, 'alive_replicas': 2}",,
partition,c5407e4021a7,WFR,"W=ALL,R=ONE",0,FAILED,cause-write,"Unavailable: Error from server: code=1000 [Unavailable exception] message=""Cannot achieve consistency level ALL"" info={'consistency': 'ALL', 'required_replicas': 3, 'alive_replicas': 2}",,
partition,c5407e4021a7,WFR,"W=ALL,R=ONE",1,FAILED,cause-write,"Unavailable: Error from server: code=1000 [Unavailable exception] message=""Cannot achieve consistency level ALL"" info={'consistency': 'ALL', 'required_replicas': 3, 'alive_replicas': 2}",,
partition,c5407e4021a7,WFR,"W=ALL,R=ONE",2,FAILED,cause-write,"Unavailable: Error from server: code=1000 [Unavailable exception] message=""Cannot achieve consistency level ALL"" info={'consistency': 'ALL', 'required_replicas': 3, 'alive_replicas': 2}",,
partition,c5407e4021a7,WFR,"W=ALL,R=ONE",3,FAILED,cause-write,"Unavailable: Error from server: code=1000 [Unavailable exception] message=""Cannot achieve consistency level ALL"" info={'consistency': 'ALL', 'required_replicas': 3, 'alive_replicas': 2}",,
partition,c5407e4021a7,WFR,"W=ALL,R=ONE",4,FAILED,cause-write,"Unavailable: Error from server: code=1000 [Unavailable exception] message=""Cannot achieve consistency level ALL"" info={'consistency': 'ALL', 'required_replicas': 3, 'alive_replicas': 2}",,
partition,c5407e4021a7,WFR,"W=ALL,R=ONE",5,FAILED,cause-write,"Unavailable: Error from server: code=1000 [Unavailable exception] message=""Cannot achieve consistency level ALL"" info={'consistency': 'ALL', 'required_replicas': 3, 'alive_replicas': 2}",,
partition,c5407e4021a7,WFR,"W=ALL,R=ONE",6,FAILED,cause-write,"Unavailable: Error from server: code=1000 [Unavailable exception] message=""Cannot achieve consistency level ALL"" info={'consistency': 'ALL', 'required_replicas': 3, 'alive_replicas': 2}",,
partition,c5407e4021a7,WFR,"W=ALL,R=ONE",7,FAILED,cause-write,"Unavailable: Error from server: code=1000 [Unavailable exception] message=""Cannot achieve consistency level ALL"" info={'consistency': 'ALL', 'required_replicas': 3, 'alive_replicas': 2}",,
partition,c5407e4021a7,WFR,"W=ALL,R=ONE",8,FAILED,cause-write,"Unavailable: Error from server: code=1000 [Unavailable exception] message=""Cannot achieve consistency level ALL"" info={'consistency': 'ALL', 'required_replicas': 3, 'alive_replicas': 2}",,
partition,c5407e4021a7,WFR,"W=ALL,R=ONE",9,FAILED,cause-write,"Unavailable: Error from server: code=1000 [Unavailable exception] message=""Cannot achieve consistency level ALL"" info={'consistency': 'ALL', 'required_replicas': 3, 'alive_replicas': 2}",,
partition,c5407e4021a7,WFR,"W=ALL,R=ONE",10,FAILED,cause-write,"Unavailable: Error from server: code=1000 [Unavailable exception] message=""Cannot achieve consistency level ALL"" info={'consistency': 'ALL', 'required_replicas': 3, 'alive_replicas': 2}",,
partition,c5407e4021a7,WFR,"W=ALL,R=ONE",11,FAILED,cause-write,"Unavailable: Error from server: code=1000 [Unavailable exception] message=""Cannot achieve consistency level ALL"" info={'consistency': 'ALL', 'required_replicas': 3, 'alive_replicas': 2}",,
partition,c5407e4021a7,WFR,"W=ALL,R=ONE",12,FAILED,cause-write,"Unavailable: Error from server: code=1000 [Unavailable exception] message=""Cannot achieve consistency level ALL"" info={'consistency': 'ALL', 'required_replicas': 3, 'alive_replicas': 2}",,
partition,c5407e4021a7,WFR,"W=ALL,R=ONE",13,FAILED,cause-write,"Unavailable: Error from server: code=1000 [Unavailable exception] message=""Cannot achieve consistency level ALL"" info={'consistency': 'ALL', 'required_replicas': 3, 'alive_replicas': 2}",,
partition,c5407e4021a7,WFR,"W=ALL,R=ONE",14,FAILED,cause-write,"Unavailable: Error from server: code=1000 [Unavailable exception] message=""Cannot achieve consistency level ALL"" info={'consistency': 'ALL', 'required_replicas': 3, 'alive_replicas': 2}",,
partition,c5407e4021a7,WFR,"W=ALL,R=ONE",15,FAILED,cause-write,"Unavailable: Error from server: code=1000 [Unavailable exception] message=""Cannot achieve consistency level ALL"" info={'consistency': 'ALL', 'required_replicas': 3, 'alive_replicas': 2}",,
partition,c5407e4021a7,WFR,"W=ALL,R=ONE",16,FAILED,cause-write,"Unavailable: Error from server: code=1000 [Unavailable exception] message=""Cannot achieve consistency level ALL"" info={'consistency': 'ALL', 'required_replicas': 3, 'alive_replicas': 2}",,
partition,c5407e4021a7,WFR,"W=ALL,R=ONE",17,FAILED,cause-write,"Unavailable: Error from server: code=1000 [Unavailable exception] message=""Cannot achieve consistency level ALL"" info={'consistency': 'ALL', 'required_replicas': 3, 'alive_replicas': 2}",,
partition,c5407e4021a7,WFR,"W=ALL,R=ONE",18,FAILED,cause-write,"Unavailable: Error from server: code=1000 [Unavailable exception] message=""Cannot achieve consistency level ALL"" info={'consistency': 'ALL', 'required_replicas': 3, 'alive_replicas': 2}",,
partition,c5407e4021a7,WFR,"W=ALL,R=ONE",19,FAILED,cause-write,"Unavailable: Error from server: code=1000 [Unavailable exception] message=""Cannot achieve consistency level ALL"" info={'consistency': 'ALL', 'required_replicas': 3, 'alive_replicas': 2}",,
partition,c5407e4021a7,WFR,"W=ALL,R=ONE",20,FAILED,cause-write,"Unavailable: Error from server: code=1000 [Unavailable exception] message=""Cannot achieve consistency level ALL"" info={'consistency': 'ALL', 'required_replicas': 3, 'alive_replicas': 2}",,
partition,c5407e4021a7,WFR,"W=ALL,R=ONE",21,FAILED,cause-write,"Unavailable: Error from server: code=1000 [Unavailable exception] message=""Cannot achieve consistency level ALL"" info={'consistency': 'ALL', 'required_replicas': 3, 'alive_replicas': 2}",,
partition,c5407e4021a7,WFR,"W=ALL,R=ONE",22,FAILED,cause-write,"Unavailable: Error from server: code=1000 [Unavailable exception] message=""Cannot achieve consistency level ALL"" info={'consistency': 'ALL', 'required_replicas': 3, 'alive_replicas': 2}",,
partition,c5407e4021a7,WFR,"W=ALL,R=ONE",23,FAILED,cause-write,"Unavailable: Error from server: code=1000 [Unavailable exception] message=""Cannot achieve consistency level ALL"" info={'consistency': 'ALL', 'required_replicas': 3, 'alive_replicas': 2}",,
partition,c5407e4021a7,WFR,"W=ALL,R=ONE",24,FAILED,cause-write,"Unavailable: Error from server: code=1000 [Unavailable exception] message=""Cannot achieve consistency level ALL"" info={'consistency': 'ALL', 'required_replicas': 3, 'alive_replicas': 2}",,
partition,c5407e4021a7,WFR,"W=ALL,R=ONE",25,FAILED,cause-write,"Unavailable: Error from server: code=1000 [Unavailable exception] message=""Cannot achieve consistency level ALL"" info={'consistency': 'ALL', 'required_replicas': 3, 'alive_replicas': 2}",,
partition,c5407e4021a7,WFR,"W=ALL,R=ONE",26,FAILED,cause-write,"Unavailable: Error from server: code=1000 [Unavailable exception] message=""Cannot achieve consistency level ALL"" info={'consistency': 'ALL', 'required_replicas': 3, 'alive_replicas': 2}",,
partition,c5407e4021a7,WFR,"W=ALL,R=ONE",27,FAILED,cause-write,"Unavailable: Error from server: code=1000 [Unavailable exception] message=""Cannot achieve consistency level ALL"" info={'consistency': 'ALL', 'required_replicas': 3, 'alive_replicas': 2}",,
partition,c5407e4021a7,WFR,"W=ALL,R=ONE",28,FAILED,cause-write,"Unavailable: Error from server: code=1000 [Unavailable exception] message=""Cannot achieve consistency level ALL"" info={'consistency': 'ALL', 'required_replicas': 3, 'alive_replicas': 2}",,
partition,c5407e4021a7,WFR,"W=ALL,R=ONE",29,FAILED,cause-write,"Unavailable: Error from server: code=1000 [Unavailable exception] message=""Cannot achieve consistency level ALL"" info={'consistency': 'ALL', 'required_replicas': 3, 'alive_replicas': 2}",,
